timestamp,ORCHIDS,TRANSPORT_FEES,EXPORT_TARIFF,IMPORT_TARIFF,SUNLIGHT,HUMIDITY,DAY
0,1200.0,1.5,10.5,-2.0,2500.0,79.0,-1
100,1201.75,1.5,9.5,-2.0,2499.4197,79.0041,-1
200,1201.75,1.5,9.5,-2.0,2498.8457,79.00821,-1
300,1201.75,1.5,9.5,-2.0,2498.278,79.01234,-1
400,1201.75,1.5,9.5,-2.0,2497.7166,79.01649,-1
500,1200.25,1.5,9.5,-2.0,2497.1614,79.02066,-1
600,1201.75,1.5,9.5,-2.0,2496.6125,79.02485,-1
700,1202.75,1.5,9.5,-2.0,2496.0698,79.02906,-1
800,1204.75,1.5,9.5,-2.0,2495.5334,79.03329,-1
900,1204.25,1.5,9.5,-2.0,2495.0032,79.03754,-1
1000,1203.25,1.5,9.5,-2.0,2494.4792,79.04181,-1
1100,1202.75,1.5,9.5,-2.0,2493.9614,79.0461,-1
1200,1201.75,1.5,9.5,-2.0,2493.45,79.0504,-1
1300,1199.75,1.5,9.5,-2.0,2492.9446,79.054726,-1
1400,1199.75,1.5,9.5,-2.0,2492.4453,79.05907,-1
1500,1199.75,1.5,9.5,-2.0,2491.9521,79.06343,-1
1600,1199.75,1.5,9.5,-2.0,2491.4653,79.06782,-1
1700,1198.25,1.5,9.5,-2.0,2490.9846,79.07222,-1
1800,1199.25,1.5,9.5,-2.0,2490.51,79.07664,-1
1900,1197.75,1.5,9.5,-2.0,2490.0415,79.08108,-1
2000,1197.75,1.5,9.5,-2.0,2489.579,79.08554,-1
2100,1197.75,1.5,9.5,-2.0,2489.123,79.09002,-1
2200,1198.0,1.5,9.5,-2.0,2488.6729,79.09451,-1
2300,1197.25,1.5,9.5,-2.0,2488.2288,79.09903,-1
2400,1196.25,1.5,9.5,-2.0,2487.7908,79.10357,-1
2500,1197.25,1.5,9.5,-2.0,2487.359,79.10812,-1
2600,1196.25,1.5,9.5,-2.0,2486.933,79.11269,-1
2700,1196.25,1.5,9.5,-2.0,2486.5134,79.11729,-1
2800,1197.25,1.4,9.5,-2.0,2486.0996,79.121895,-1
2900,1196.25,1.4,9.5,-2.0,2485.6921,79.126526,-1
3000,1196.75,1.4,9.5,-2.0,2485.2903,79.13118,-1
3100,1197.75,1.4,9.5,-2.0,2484.8948,79.13584,-1
3200,1198.75,1.4,9.5,-2.0,2484.5051,79.14053,-1
3300,1199.75,1.4,9.5,-2.0,2484.1216,79.14523,-1
3400,1199.75,1.4,9.5,-2.0,2483.744,79.149956,-1
3500,1199.5,1.4,9.5,-2.0,2483.3723,79.1547,-1
3600,1199.5,1.4,9.5,-2.0,2483.0066,79.15946,-1
3700,1199.75,1.4,9.5,-2.0,2482.647,79.164246,-1
3800,1199.25,1.4,9.5,-2.0,2482.2932,79.169044,-1
3900,1198.25,1.4,9.5,-2.0,2481.9453,79.17386,-1
4000,1199.25,1.4,9.5,-2.0,2481.6035,79.178696,-1
4100,1199.25,1.4,9.5,-2.0,2481.2676,79.18355,-1
4200,1199.75,1.4,9.5,-2.0,2480.9375,79.18842,-1
4300,1201.25,1.4,9.5,-2.0,2480.6133,79.19331,-1
4400,1201.75,1.4,9.5,-2.0,2480.2952,79.19823,-1
4500,1201.75,1.4,9.5,-2.0,2479.9827,79.203156,-1
4600,1201.75,1.4,9.5,-2.0,2479.6763,79.2081,-1
4700,1201.75,1.4,9.5,-2.0,2479.3755,79.213066,-1
4800,1201.25,1.4,9.5,-2.0,2479.0808,79.21805,-1
4900,1201.25,1.4,9.5,-2.0,2478.792,79.22305,-1
5000,1201.0,1.4,9.5,-2.0,2478.5088,79.22807,-1
5100,1200.25,1.4,9.5,-2.0,2478.2317,79.23311,-1
5200,1200.25,1.4,9.5,-2.0,2477.9602,79.23817,-1
5300,1200.75,1.4,9.5,-2.0,2477.6946,79.24324,-1
5400,1201.0,1.4,9.5,-2.0,2477.4348,79.24834,-1
5500,1201.0,1.4,9.5,-2.0,2477.181,79.25345,-1
5600,1200.25,1.4,9.5,-2.0,2476.9326,79.258575,-1
5700,1199.75,1.4,9.5,-2.0,2476.6902,79.263725,-1
5800,1198.25,1.4,9.5,-2.0,2476.4536,79.26889,-1
5900,1198.75,1.4,9.5,-2.0,2476.2227,79.27408,-1
6000,1197.75,1.4,9.5,-2.0,2475.9973,79.27928,-1
6100,1197.75,1.4,9.5,-2.0,2475.778,79.2845,-1
6200,1197.5,1.4,9.5,-2.2,2475.5642,79.28974,-1
6300,1197.25,1.4,9.5,-2.2,2475.3562,79.295,-1
6400,1199.25,1.4,9.5,-2.2,2475.154,79.30028,-1
6500,1199.75,1.4,9.5,-2.2,2474.9573,79.305565,-1
6600,1200.0,1.4,9.5,-2.2,2474.7666,79.31088,-1
6700,1200.0,1.4,9.5,-2.2,2474.5813,79.31621,-1
6800,1200.0,1.4,9.5,-2.2,2474.4016,79.321556,-1
6900,1201.25,1.4,9.5,-2.2,2474.2278,79.32692,-1
7000,1201.0,1.4,9.5,-2.2,2474.0596,79.332306,-1
7100,1199.75,1.4,9.5,-2.2,2473.897,79.33771,-1
7200,1198.75,1.4,9.5,-2.2,2473.74,79.343124,-1
7300,1200.25,1.4,9.5,-2.2,2473.5886,79.348564,-1
7400,1200.25,1.4,9.5,-2.2,2473.4429,79.35401,-1
7500,1200.5,1.4,9.5,-2.2,2473.3027,79.35949,-1
7600,1201.25,1.4,9.5,-2.2,2473.1682,79.364975,-1
7700,1198.75,1.4,9.5,-2.2,2473.0393,79.37048,-1
7800,1198.75,1.4,9.5,-2.2,2472.916,79.376015,-1
7900,1199.25,1.4,9.5,-2.2,2472.7983,79.38155,-1
8000,1199.25,1.4,9.5,-2.2,2472.686,79.387115,-1
8100,1199.5,1.4,9.5,-2.2,2472.5793,79.39269,-1
8200,1200.75,1.4,9.5,-2.2,2472.4783,79.39829,-1
8300,1199.25,1.4,9.5,-2.2,2472.3826,79.40391,-1
8400,1199.0,1.4,9.5,-2.2,2472.2925,79.40954,-1
8500,1199.25,1.4,9.5,-2.2,2472.2078,79.415184,-1
8600,1198.25,1.4,9.5,-2.2,2472.1287,79.42085,-1
8700,1197.75,1.4,9.5,-2.2,2472.0552,79.42654,-1
8800,1196.75,1.4,9.5,-2.2,2471.987,79.432236,-1
8900,1197.0,1.4,9.5,-2.2,2471.9243,79.43796,-1
9000,1197.0,1.4,9.5,-2.2,2471.8672,79.443695,-1
9100,1196.75,1.4,9.5,-2.2,2471.8154,79.44945,-1
9200,1197.0,1.4,9.5,-2.2,2471.7693,79.455215,-1
9300,1197.75,1.4,9.5,-2.2,2471.7285,79.461006,-1
9400,1197.75,1.4,9.5,-2.2,2471.6929,79.46681,-1
9500,1197.5,1.4,9.5,-2.2,2471.663,79.47263,-1
9600,1195.75,1.4,9.5,-2.2,2471.6384,79.47848,-1
9700,1197.25,1.4,9.5,-2.2,2471.6191,79.48434,-1
9800,1197.75,1.4,9.5,-2.2,2471.6055,79.49021,-1
9900,1197.25,1.4,9.5,-2.2,2471.597,79.4961,-1
10000,1198.75,1.4,9.5,-2.2,2471.594,79.502014,-1
10100,1198.25,1.4,9.5,-2.2,2471.5962,79.50794,-1
10200,1198.5,1.4,9.5,-2.2,2471.604,79.513885,-1
10300,1199.75,1.3,9.5,-2.2,2471.617,79.519844,-1
10400,1200.75,1.3,9.5,-2.2,2471.6353,79.525826,-1
10500,1201.25,1.3,9.5,-2.2,2471.659,79.53182,-1
10600,1200.25,1.3,9.5,-2.2,2471.6877,79.537834,-1
10700,1200.75,1.3,9.5,-2.2,2471.7222,79.54386,-1
10800,1202.25,1.3,9.5,-2.2,2471.7617,79.54991,-1
10900,1201.25,1.3,9.5,-2.2,2471.8066,79.55597,-1
11000,1202.75,1.3,9.5,-2.2,2471.8567,79.56206,-1
11100,1203.75,1.3,9.5,-2.2,2471.912,79.56815,-1
11200,1203.75,1.3,9.5,-2.2,2471.9727,79.574265,-1
11300,1203.75,1.3,9.5,-2.2,2472.0386,79.5804,-1
11400,1204.75,1.3,9.5,-2.2,2472.1099,79.58655,-1
11500,1204.25,1.3,9.5,-2.2,2472.186,79.59271,-1
11600,1204.75,1.3,9.5,-2.2,2472.2676,79.59889,-1
11700,1204.25,1.3,9.5,-2.2,2472.3545,79.605095,-1
11800,1204.75,1.3,9.5,-2.2,2472.4465,79.611305,-1
11900,1205.75,1.3,9.5,-2.2,2472.5437,79.61754,-1
12000,1205.25,1.3,9.5,-2.2,2472.646,79.623795,-1
12100,1205.75,1.3,9.5,-2.2,2472.7537,79.63006,-1
12200,1205.75,1.3,9.5,-2.2,2472.8662,79.63634,-1
12300,1208.25,1.3,9.5,-2.2,2472.9841,79.64264,-1
12400,1209.25,1.3,9.5,-2.2,2473.1072,79.64896,-1
12500,1209.25,1.3,9.5,-2.2,2473.2354,79.65529,-1
12600,1210.25,1.3,9.5,-2.2,2473.3687,79.66164,-1
12700,1211.25,1.3,9.5,-2.2,2473.5068,79.66801,-1
12800,1212.75,1.3,9.5,-2.2,2473.6504,79.674385,-1
12900,1211.25,1.3,9.5,-2.2,2473.799,79.680786,-1
13000,1209.75,1.3,9.5,-2.2,2473.9526,79.6872,-1
13100,1209.75,1.3,9.5,-2.2,2474.1113,79.693634,-1
13200,1210.75,1.3,9.5,-2.2,2474.2751,79.70008,-1
13300,1209.75,1.3,9.5,-2.2,2474.444,79.70655,-1
13400,1210.75,1.3,9.5,-2.2,2474.618,79.71303,-1
13500,1209.25,1.3,9.5,-2.2,2474.7969,79.71953,-1
13600,1209.0,1.3,9.5,-2.2,2474.981,79.72604,-1
13700,1209.0,1.3,9.5,-2.2,2475.17,79.732574,-1
13800,1209.0,1.3,9.5,-2.2,2475.364,79.73912,-1
13900,1209.0,1.3,9.5,-2.2,2475.563,79.74568,-1
14000,1209.25,1.3,9.5,-2.2,2475.767,79.752266,-1
14100,1208.25,1.3,9.5,-2.2,2475.976,79.75886,-1
14200,1206.75,1.3,9.5,-2.2,2476.1902,79.76547,-1
14300,1206.5,1.3,9.5,-2.2,2476.409,79.7721,-1
14400,1206.5,1.3,9.5,-2.2,2476.633,79.77875,-1
14500,1205.75,1.3,9.5,-2.2,2476.8618,79.78541,-1
14600,1205.25,1.3,9.5,-2.2,2477.0957,79.79208,-1
14700,1205.25,1.3,9.5,-2.2,2477.3342,79.798775,-1
14800,1205.25,1.3,9.5,-2.2,2477.578,79.80549,-1
14900,1205.25,1.3,9.5,-2.2,2477.8264,79.81221,-1
15000,1205.25,1.3,9.5,-2.2,2478.08,79.818954,-1
15100,1206.25,1.3,9.5,-2.2,2478.3384,79.825714,-1
15200,1207.25,1.3,9.5,-2.2,2478.6016,79.83249,-1
15300,1206.75,1.3,9.5,-2.2,2478.8696,79.83927,-1
15400,1208.25,1.3,9.5,-2.2,2479.1426,79.84608,-1
15500,1207.75,1.3,9.5,-2.2,2479.4204,79.852905,-1
15600,1208.75,1.3,9.5,-2.2,2479.7031,79.85974,-1
15700,1210.25,1.3,9.5,-2.2,2479.9905,79.86659,-1
15800,1211.75,1.3,9.5,-2.2,2480.283,79.87347,-1
15900,1212.25,1.3,9.5,-2.2,2480.58,79.88035,-1
16000,1214.25,1.3,9.5,-2.2,2480.8818,79.887245,-1
16100,1214.75,1.3,9.5,-2.2,2481.1887,79.894165,-1
16200,1215.75,1.3,9.5,-2.2,2481.5002,79.9011,-1
16300,1214.75,1.3,9.5,-2.2,2481.8164,79.90805,-1
16400,1215.25,1.3,9.5,-2.2,2482.1375,79.91501,-1
16500,1213.75,1.3,9.5,-2.2,2482.4634,79.92199,-1
16600,1211.25,1.3,9.5,-2.2,2482.794,79.928986,-1
16700,1212.25,1.3,9.5,-2.2,2483.1292,79.936,-1
16800,1213.25,1.3,9.5,-2.2,2483.4692,79.94302,-1
16900,1213.25,1.3,9.5,-2.2,2483.814,79.950066,-1
17000,1215.25,1.3,9.5,-2.2,2484.1636,79.95712,-1
17100,1215.0,1.3,9.5,-2.2,2484.5176,79.9642,-1
17200,1214.75,1.3,9.5,-2.2,2484.8765,79.97129,-1
17300,1213.75,1.3,9.5,-2.2,2485.24,79.97839,-1
17400,1215.25,1.3,9.5,-2.2,2485.6082,79.98551,-1
17500,1215.0,1.3,9.5,-2.2,2485.9812,79.99265,-1
17600,1215.75,1.3,9.5,-2.2,2486.3586,79.9998,-1
630200,1206.25,1.1,10.5,-2.4,3591.7017,79.99719,-1
630300,1206.25,1.1,10.5,-2.4,3590.2656,79.98723,-1
630400,1205.75,1.1,10.5,-2.4,3588.8286,79.977264,-1
630500,1206.25,1.1,10.5,-2.4,3587.39,79.9673,-1
630600,1206.25,1.1,10.5,-2.4,3585.9502,79.95734,-1
630700,1203.25,1.1,10.5,-2.4,3584.509,79.947365,-1
630800,1203.0,1.1,10.5,-2.4,3583.067,79.9374,-1
630900,1201.25,1.1,10.5,-2.4,3581.6233,79.92743,-1
631000,1201.0,1.1,10.5,-2.4,3580.1785,79.91746,-1
631100,1199.25,1.1,10.5,-2.4,3578.7327,79.90749,-1
631200,1200.75,1.1,10.5,-2.4,3577.2854,79.89752,-1
631300,1201.25,1.1,10.5,-2.4,3575.8372,79.88755,-1
631400,1200.25,1.1,10.5,-2.4,3574.3877,79.87757,-1
631500,1201.25,1.1,10.5,-2.4,3572.937,79.8676,-1
631600,1199.75,1.1,10.5,-2.4,3571.4854,79.85763,-1
631700,1198.75,1.1,10.5,-2.4,3570.0325,79.84765,-1
631800,1199.75,1.1,10.5,-2.4,3568.5784,79.83768,-1
631900,1201.75,1.1,10.5,-2.4,3567.1233,79.8277,-1
632000,1201.25,1.1,10.5,-2.4,3565.6672,79.81772,-1
632100,1199.75,1.1,10.5,-2.4,3564.21,79.80774,-1
632200,1199.25,1.1,10.5,-2.4,3562.7517,79.79776,-1
632300,1200.25,1.1,10.5,-2.4,3561.2925,79.78778,-1
632400,1199.25,1.1,10.5,-2.4,3559.832,79.777794,-1
632500,1199.0,1.1,10.5,-2.4,3558.3706,79.767815,-1
632600,1199.25,1.1,10.5,-2.4,3556.9084,79.75783,-1
632700,1197.75,1.1,10.5,-2.4,3555.445,79.74784,-1
632800,1197.25,1.1,10.5,-2.4,3553.9807,79.73786,-1
632900,1195.75,1.1,10.5,-2.4,3552.5156,79.727875,-1
633000,1195.75,1.1,10.5,-2.4,3551.0493,79.71788,-1
633100,1197.25,1.1,10.5,-2.4,3549.5823,79.70789,-1
633200,1198.25,1.1,10.5,-2.4,3548.1143,79.69791,-1
633300,1196.75,1.1,10.5,-2.4,3546.6455,79.68791,-1
633400,1195.25,1.1,10.5,-2.4,3545.1758,79.677925,-1
633500,1195.25,1.1,10.5,-2.4,3543.705,79.66793,-1
633600,1195.25,1.1,10.5,-2.4,3542.2336,79.657936,-1
633700,1195.25,1.1,10.5,-2.4,3540.7612,79.64794,-1
633800,1197.25,1.1,10.5,-2.4,3539.288,79.63795,-1
633900,1196.75,1.1,10.5,-2.4,3537.8142,79.627945,-1
634000,1195.75,1.1,10.5,-2.4,3536.3394,79.61795,-1
634100,1195.75,1.1,10.5,-2.4,3534.864,79.60795,-1
634200,1196.25,1.1,10.5,-2.4,3533.3877,79.59795,-1
634300,1196.25,1.1,10.5,-2.4,3531.9106,79.58795,-1
634400,1196.25,1.1,10.5,-2.4,3530.4329,79.57795,-1
634500,1195.25,1.1,10.5,-2.4,3528.9543,79.56794,-1
634600,1195.25,1.1,10.5,-2.4,3527.475,79.55794,-1
634700,1193.75,1.1,10.5,-2.4,3525.995,79.547935,-1
634800,1192.75,1.1,10.5,-2.4,3524.5146,79.537926,-1
634900,1192.5,1.1,10.5,-2.4,3523.0334,79.527916,-1
635000,1190.75,1.1,10.5,-2.4,3521.5515,79.51791,-1
635100,1189.75,1.1,10.5,-2.4,3520.0688,79.5079,-1
635200,1189.75,1.1,10.5,-2.4,3518.5857,79.49789,-1
635300,1190.25,1.1,10.5,-2.4,3517.102,79.48788,-1
635400,1191.25,1.1,10.5,-2.4,3515.6177,79.47786,-1
635500,1192.75,1.1,10.5,-2.4,3514.1326,79.46785,-1
635600,1192.25,1.1,10.5,-2.4,3512.647,79.45783,-1
635700,1192.5,1.1,10.5,-2.4,3511.161,79.447815,-1
635800,1191.25,1.1,10.5,-2.4,3509.6743,79.4378,-1
635900,1192.75,1.1,10.5,-2.4,3508.1873,79.42777,-1
636000,1191.75,1.1,10.5,-2.4,3506.6997,79.417755,-1
636100,1192.75,1.1,10.5,-2.4,3505.2114,79.40773,-1
636200,1193.75,1.1,10.5,-2.4,3503.723,79.39771,-1
636300,1194.75,1.1,10.5,-2.4,3502.2336,79.38769,-1
636400,1195.75,1.1,10.5,-2.4,3500.7441,79.37766,-1
636500,1193.75,1.1,10.5,-2.4,3499.2542,79.36764,-1
636600,1193.75,1.1,10.5,-2.4,3497.7637,79.357605,-1
636700,1195.25,1.1,10.5,-2.4,3496.273,79.34758,-1
636800,1195.25,1.1,10.5,-2.4,3494.7817,79.33755,-1
636900,1195.5,1.1,10.5,-2.4,3493.29,79.327515,-1
637000,1194.75,1.1,10.5,-2.4,3491.798,79.31748,-1
637100,1196.25,1.1,10.5,-2.4,3490.3057,79.30745,-1
637200,1195.25,1.1,10.5,-2.4,3488.813,79.29742,-1
637300,1195.75,1.1,10.5,-2.4,3487.32,79.28738,-1
637400,1195.75,1.1,10.5,-2.4,3485.8267,79.277336,-1
637500,1196.25,1.1,10.5,-2.4,3484.333,79.267296,-1
637600,1198.25,1.1,10.5,-2.4,3482.839,79.257256,-1
637700,1198.25,1.1,10.5,-2.4,3481.345,79.247215,-1
637800,1199.75,1.1,10.5,-2.4,3479.8506,79.237175,-1
637900,1199.25,1.1,10.5,-2.4,3478.356,79.22713,-1
638000,1198.25,1.1,10.5,-2.4,3476.8608,79.21709,-1
638100,1197.75,1.1,10.5,-2.4,3475.3657,79.20704,-1
638200,1197.25,1.1,10.5,-2.4,3473.8706,79.19699,-1
638300,1197.25,1.1,10.5,-2.4,3472.375,79.186935,-1
638400,1196.25,1.1,10.5,-2.4,3470.8794,79.17689,-1
638500,1194.25,1.1,10.5,-2.4,3469.3835,79.16683,-1
638600,1194.25,1.1,10.5,-2.4,3467.8875,79.15678,-1
638700,1192.75,1.1,10.5,-2.4,3466.3914,79.14673,-1
638800,1191.75,1.1,10.5,-2.4,3464.8953,79.136665,-1
638900,1192.0,1.1,10.5,-2.4,3463.399,79.12661,-1
639000,1192.75,1.1,10.5,-2.6,3461.9026,79.116554,-1
639100,1191.25,1.1,10.5,-2.6,3460.406,79.10649,-1
639200,1190.75,1.1,10.5,-2.6,3458.9094,79.09643,-1
639300,1190.75,1.1,10.5,-2.6,3457.4128,79.086365,-1
639400,1191.75,1.1,10.5,-2.6,3455.9163,79.0763,-1
639500,1191.5,1.1,10.5,-2.6,3454.4197,79.06623,-1
639600,1191.5,1.1,10.5,-2.6,3452.923,79.05617,-1
639700,1190.25,1.1,10.5,-2.6,3451.4265,79.0461,-1
639800,1190.25,1.1,10.5,-2.6,3449.93,79.036026,-1
639900,1190.0,1.1,10.5,-2.6,3448.4333,79.025955,-1
640000,1190.0,1.1,10.5,-2.6,3446.9368,79.01588,-1
640100,1188.75,1.1,10.5,-2.6,3445.4404,79.005806,-1
640200,1189.75,1.1,10.5,-2.6,3443.944,78.99573,-1
640300,1190.0,1.1,10.5,-2.6,3442.4478,78.98565,-1
640400,1190.75,1.1,10.5,-2.6,3440.9517,78.97557,-1
640500,1191.75,1.1,10.5,-2.6,3439.4558,78.965485,-1
640600,1192.25,1.1,10.5,-2.6,3437.96,78.95541,-1
640700,1192.25,1.1,10.5,-2.6,3436.464,78.94532,-1
640800,1191.25,1.1,10.5,-2.6,3434.9685,78.935234,-1
640900,1191.25,1.1,10.5,-2.6,3433.4734,78.92515,-1
641000,1191.0,1.1,10.5,-2.6,3431.978,78.91506,-1
641100,1191.75,1.1,10.5,-2.6,3430.4832,78.90497,-1
641200,1190.75,1.1,9.5,-2.6,3428.9885,78.89488,-1
641300,1191.0,1.1,9.5,-2.6,3427.494,78.88479,-1
641400,1191.25,1.1,9.5,-2.6,3425.9998,78.87469,-1
641500,1191.5,1.1,9.5,-2.6,3424.5059,78.86459,-1
641600,1190.25,1.1,9.5,-2.6,3423.0122,78.8545,-1
641700,1190.25,1.1,9.5,-2.6,3421.5188,78.8444,-1
641800,1190.5,1.1,9.5,-2.6,3420.0256,78.8343,-1
641900,1191.25,1.1,9.5,-2.6,3418.533,78.824196,-1
642000,1190.75,1.1,9.5,-2.6,3417.0405,78.81409,-1
642100,1191.75,1.1,9.5,-2.6,3415.5486,78.803986,-1
642200,1190.25,1.1,9.5,-2.6,3414.057,78.79388,-1
642300,1189.75,1.1,9.5,-2.6,3412.5654,78.78377,-1
642400,1189.75,1.1,9.5,-2.6,3411.0747,78.77366,-1
642500,1190.25,1.1,9.5,-2.6,3409.584,78.76354,-1
642600,1192.75,1.1,9.5,-2.6,3408.094,78.75343,-1
642700,1192.5,1.1,9.5,-2.6,3406.6045,78.74332,-1
642800,1192.5,1.1,9.5,-2.6,3405.1152,78.7332,-1
642900,1192.5,1.1,9.5,-2.6,3403.6265,78.723076,-1
643000,1193.25,1.1,9.5,-2.6,3402.1382,78.71296,-1
643100,1192.75,1.1,9.5,-2.6,3400.6504,78.702835,-1
643200,1192.75,1.1,9.5,-2.6,3399.1633,78.69271,-1
643300,1193.0,1.1,9.5,-2.6,3397.6765,78.68259,-1
643400,1192.75,1.1,9.5,-2.6,3396.1904,78.67246,-1
643500,1192.75,1.1,9.5,-2.6,3394.7048,78.66233,-1
643600,1192.75,1.1,9.5,-2.6,3393.2197,78.6522,-1
643700,1192.75,1.1,9.5,-2.6,3391.735,78.64207,-1
643800,1192.5,1.1,9.5,-2.6,3390.2512,78.631935,-1
643900,1190.25,1.1,9.5,-2.6,3388.768,78.621796,-1
644000,1189.75,1.1,9.5,-2.6,3387.2854,78.61166,-1
644100,1190.25,1.1,9.5,-2.6,3385.8035,78.60152,-1
644200,1191.25,1.1,9.5,-2.6,3384.322,78.59138,-1
644300,1192.25,1.1,9.5,-2.6,3382.8413,78.58124,-1
644400,1192.25,1.1,9.5,-2.6,3381.3613,78.57109,-1
644500,1192.25,1.1,9.5,-2.6,3379.8818,78.56094,-1
644600,1193.25,1.1,9.5,-2.6,3378.4033,78.5508,-1
644700,1191.25,1.1,9.5,-2.6,3376.9253,78.54065,-1
644800,1191.25,1.1,9.5,-2.6,3375.4482,78.530495,-1
644900,1189.75,1.1,9.5,-2.6,3373.972,78.52034,-1
645000,1188.75,1.1,9.5,-2.6,3372.496,78.510185,-1
645100,1189.0,1.1,9.5,-2.6,3371.0212,78.50003,-1
645200,1187.75,1.1,9.5,-2.6,3369.547,78.489876,-1
645300,1186.75,1.1,9.5,-2.6,3368.074,78.47971,-1
645400,1187.75,1.1,9.5,-2.6,3366.6016,78.46955,-1
645500,1189.25,1.1,9.5,-2.6,3365.13,78.45939,-1
645600,1190.25,1.1,9.5,-2.6,3363.6592,78.44922,-1
645700,1190.25,1.1,9.5,-2.6,3362.1892,78.43905,-1
645800,1190.25,1.1,9.5,-2.6,3360.7202,78.42888,-1
645900,1189.25,1.1,9.5,-2.6,3359.252,78.41871,-1
646000,1190.25,1.1,9.5,-2.6,3357.7847,78.40854,-1
646100,1190.0,1.1,9.5,-2.6,3356.3184,78.39836,-1
646200,1188.75,1.1,9.5,-2.6,3354.853,78.38818,-1
646300,1186.25,1.1,9.5,-2.6,3353.3887,78.378006,-1
646400,1186.75,1.1,9.5,-2.6,3351.925,78.36783,-1
646500,1185.75,1.1,9.5,-2.6,3350.4626,78.35764,-1
646600,1185.75,1.1,9.5,-2.6,3349.001,78.34746,-1
646700,1184.75,1.1,9.5,-2.6,3347.5405,78.33727,-1
646800,1186.25,1.1,9.5,-2.6,3346.081,78.32708,-1
646900,1186.5,1.1,9.5,-2.6,3344.6226,78.316895,-1
647000,1185.25,1.1,9.5,-2.6,3343.1653,78.3067,-1
647100,1183.75,1.1,9.5,-2.6,3341.709,78.29651,-1
647200,1184.25,1.1,9.5,-2.6,3340.2537,78.28631,-1
647300,1184.5,1.1,9.5,-2.6,3338.7993,78.27611,-1
647400,1184.25,1.1,9.5,-2.6,3337.3464,78.26591,-1
647500,1183.75,1.1,9.5,-2.6,3335.8943,78.25571,-1
647600,1182.25,1.1,9.5,-2.6,3334.4436,78.24551,-1
647700,1182.75,1.1,9.5,-2.6,3332.994,78.2353,-1
647800,1184.25,1.1,9.5,-2.6,3331.5454,78.22509,-1
647900,1183.75,1.1,9.5,-2.6,3330.098,78.21488,-1
648000,1183.25,1.1,9.5,-2.6,3328.6519,78.204666,-1
648100,1181.75,1.1,9.5,-2.6,3327.2068,78.19446,-1
648200,1181.75,1.1,9.5,-2.6,3325.7632,78.18424,-1
648300,1182.75,1.1,9.5,-2.6,3324.3206,78.17402,-1
648400,1183.25,1.1,9.5,-2.6,3322.8794,78.1638,-1
648500,1183.0,1.1,9.5,-2.6,3321.4395,78.15358,-1
648600,1183.25,1.1,9.5,-2.6,3320.0005,78.14336,-1
648700,1183.25,1.1,9.5,-2.6,3318.5632,78.133125,-1
648800,1181.75,1.1,9.5,-2.6,3317.127,78.1229,-1
648900,1182.75,1.1,9.5,-2.6,3315.6921,78.11267,-1
649000,1181.75,1.1,9.5,-2.6,3314.2588,78.10244,-1
649100,1180.75,1.1,9.5,-2.6,3312.8264,78.0922,-1
649200,1180.25,1.1,9.5,-2.6,3311.3958,78.08197,-1
649300,1181.75,1.1,9.5,-2.6,3309.9663,78.07173,-1
649400,1180.25,1.1,9.5,-2.6,3308.5383,78.061485,-1
649500,1179.75,1.1,9.5,-2.6,3307.1116,78.05125,-1
649600,1178.25,1.1,9.5,-2.6,3305.6865,78.041,-1
649700,1179.25,1.1,9.5,-2.6,3304.2627,78.030754,-1
649800,1178.25,1.1,9.5,-2.6,3302.8403,78.02051,-1
649900,1178.25,1.1,9.5,-2.6,3301.4194,78.010254,-1
650000,1178.25,1.1,9.5,-2.6,3300.0,78.0,-1
650100,1179.75,1.1,9.5,-2.6,3298.582,77.989746,-1
650200,1180.0,1.1,9.5,-2.6,3297.1655,77.979485,-1
650300,1178.25,1.1,9.5,-2.6,3295.7507,77.96923,-1
650400,1180.25,1.1,9.5,-2.6,3294.3372,77.95897,-1
650500,1178.75,1.1,9.5,-2.6,3292.9253,77.94871,-1
650600,1178.75,1.1,9.5,-2.6,3291.515,77.93844,-1
650700,1177.75,1.1,9.5,-2.6,3290.106,77.92818,-1
650800,1177.25,1.1,9.5,-2.6,3288.6987,77.91791,-1
650900,1177.75,1.1,9.5,-2.6,3287.2927,77.90764,-1
651000,1178.75,1.1,9.5,-2.6,3285.8884,77.89737,-1
651100,1179.25,1.1,9.5,-2.6,3284.4858,77.8871,-1
651200,1179.25,1.1,9.5,-2.6,3283.0847,77.87683,-1
651300,1179.75,1.1,9.5,-2.6,3281.685,77.866554,-1
651400,1180.75,1.1,9.5,-2.6,3280.2869,77.856285,-1
651500,1179.75,1.1,9.5,-2.6,3278.8904,77.84601,-1
651600,1180.25,1.1,9.5,-2.6,3277.4954,77.83574,-1
651700,1180.25,1.1,9.5,-2.6,3276.102,77.82546,-1
651800,1180.0,1.1,9.5,-2.6,3274.7104,77.815186,-1
651900,1179.25,1.1,9.5,-2.6,3273.32,77.80492,-1
652000,1179.5,1.1,9.5,-2.6,3271.9316,77.79464,-1
652100,1180.25,1.1,9.5,-2.6,3270.5447,77.78436,-1
652200,1179.25,1.1,9.5,-2.6,3269.1592,77.77409,-1
652300,1180.25,1.1,9.5,-2.6,3267.7756,77.76382,-1
652400,1181.75,1.1,9.5,-2.6,3266.3936,77.75355,-1
652500,1180.25,1.1,9.5,-2.6,3265.013,77.74327,-1
652600,1180.75,1.1,9.5,-2.6,3263.634,77.733,-1
652700,1180.75,1.1,9.5,-2.6,3262.2568,77.72273,-1
652800,1179.75,1.1,9.5,-2.6,3260.8813,77.71246,-1
652900,1179.75,1.1,9.5,-2.6,3259.5073,77.702194,-1
653000,1179.25,1.1,9.5,-2.6,3258.1353,77.691925,-1
653100,1179.25,1.1,9.5,-2.6,3256.7646,77.68166,-1
653200,1178.25,1.1,9.5,-2.6,3255.3958,77.671394,-1
653300,1178.25,1.1,9.5,-2.6,3254.0283,77.66113,-1
653400,1179.25,1.1,9.5,-2.6,3252.6628,77.65087,-1
653500,1178.75,1.1,9.5,-2.6,3251.2988,77.64061,-1
653600,1178.25,1.1,9.5,-2.6,3249.9368,77.630356,-1
653700,1175.75,1.1,9.5,-2.6,3248.5762,77.6201,-1
653800,1175.75,1.1,9.5,-2.6,3247.2175,77.60985,-1
653900,1176.75,1.1,9.5,-2.6,3245.8604,77.599594,-1
654000,1177.75,1.1,9.5,-2.6,3244.5051,77.58935,-1
654100,1178.25,1.1,9.5,-2.6,3243.1514,77.5791,-1
654200,1177.75,1.1,9.5,-2.6,3241.7996,77.568855,-1
654300,1179.75,1.1,9.5,-2.6,3240.4495,77.55862,-1
654400,1179.75,1.2,9.5,-2.6,3239.101,77.54838,-1
654500,1181.25,1.2,9.5,-2.6,3237.7544,77.53814,-1
654600,1182.25,1.2,9.5,-2.6,3236.4094,77.52791,-1
654700,1182.5,1.2,9.5,-2.6,3235.0662,77.51768,-1
654800,1181.75,1.2,9.5,-2.6,3233.7249,77.507454,-1
654900,1181.75,1.2,9.5,-2.6,3232.3853,77.49723,-1
655000,1181.75,1.2,9.5,-2.6,3231.0474,77.48701,-1
655100,1180.75,1.2,9.5,-2.6,3229.7112,77.47679,-1
655200,1181.25,1.2,9.5,-2.6,3228.377,77.46658,-1
655300,1182.25,1.2,9.5,-2.6,3227.0444,77.456375,-1
655400,1182.25,1.2,9.5,-2.6,3225.7139,77.44617,-1
655500,1180.75,1.2,9.5,-2.6,3224.385,77.43597,-1
655600,1182.75,1.2,9.5,-2.6,3223.0579,77.42577,-1
655700,1182.25,1.2,9.5,-2.6,3221.7327,77.41558,-1
655800,1182.0,1.2,9.5,-2.6,3220.4092,77.405396,-1
655900,1181.25,1.2,9.5,-2.6,3219.0876,77.39521,-1
656000,1181.5,1.2,9.5,-2.6,3217.7678,77.38503,-1
656100,1181.25,1.2,9.5,-2.6,3216.45,77.37486,-1
656200,1180.25,1.2,9.5,-2.6,3215.1338,77.36469,-1
656300,1179.75,1.2,9.5,-2.6,3213.8196,77.35453,-1
656400,1179.25,1.2,9.5,-2.6,3212.5073,77.344376,-1
656500,1178.75,1.2,9.5,-2.6,3211.1968,77.33422,-1
656600,1178.5,1.2,9.5,-2.6,3209.8882,77.32407,-1
656700,1179.75,1.2,9.5,-2.6,3208.5815,77.31393,-1
656800,1179.5,1.2,9.5,-2.6,3207.2766,77.303795,-1
656900,1179.5,1.2,9.5,-2.6,3205.9736,77.29366,-1
657000,1179.75,1.2,9.5,-2.6,3204.6726,77.28354,-1
657100,1179.75,1.2,9.5,-2.6,3203.3735,77.273415,-1
657200,1181.25,1.2,9.5,-2.6,3202.0762,77.263306,-1
657300,1182.75,1.2,9.5,-2.6,3200.7808,77.2532,-1
657400,1184.25,1.2,9.5,-2.6,3199.4873,77.243095,-1
657500,1183.25,1.2,9.5,-2.6,3198.1958,77.233,-1
657600,1182.25,1.2,9.5,-2.6,3196.9062,77.222916,-1
657700,1181.75,1.2,9.5,-2.6,3195.6187,77.21283,-1
657800,1182.75,1.2,9.5,-2.6,3194.333,77.20276,-1
657900,1183.25,1.2,9.5,-2.6,3193.0493,77.19269,-1
658000,1184.75,1.2,9.5,-2.6,3191.7673,77.18263,-1
658100,1185.75,1.2,9.5,-2.6,3190.4875,77.17258,-1
658200,1184.25,1.2,9.5,-2.6,3189.2097,77.16253,-1
658300,1184.25,1.2,9.5,-2.6,3187.9338,77.15249,-1
658400,1185.25,1.2,9.5,-2.6,3186.66,77.142456,-1
658500,1185.5,1.2,9.5,-2.6,3185.388,77.13243,-1
658600,1185.25,1.2,9.5,-2.6,3184.1182,77.12241,-1
658700,1185.25,1.3,9.5,-2.6,3182.85,77.112404,-1
658800,1183.25,1.3,9.5,-2.6,3181.5842,77.10241,-1
658900,1182.25,1.3,9.5,-2.6,3180.3203,77.092415,-1
659000,1182.75,1.3,9.5,-2.6,3179.0583,77.08243,-1
659100,1183.75,1.3,9.5,-2.6,3177.7983,77.07245,-1
659200,1182.75,1.3,9.5,-2.6,3176.5405,77.062485,-1
659300,1182.25,1.3,9.5,-2.6,3175.2847,77.05252,-1
659400,1183.25,1.3,9.5,-2.6,3174.031,77.04257,-1
659500,1182.75,1.3,9.5,-2.6,3172.7793,77.03263,-1
659600,1183.75,1.3,9.5,-2.6,3171.5295,77.02269,-1
659700,1183.75,1.3,9.5,-2.6,3170.2817,77.01277,-1
659800,1183.75,1.3,9.5,-2.6,3169.0361,77.00285,-1
659900,1182.25,1.3,9.5,-2.6,3167.7927,76.99294,-1
660000,1181.25,1.3,9.5,-2.6,3166.5513,76.98305,-1
660100,1180.25,1.3,9.5,-2.6,3165.3118,76.97316,-1
660200,1180.25,1.3,9.5,-2.6,3164.0745,76.96328,-1
660300,1179.75,1.3,9.5,-2.6,3162.8394,76.95341,-1
660400,1179.75,1.3,9.5,-2.6,3161.6062,76.94355,-1
660500,1177.25,1.3,9.5,-2.6,3160.3752,76.9337,-1
660600,1178.25,1.3,9.5,-2.6,3159.1465,76.92386,-1
660700,1178.75,1.3,9.5,-2.6,3157.9197,76.91403,-1
660800,1178.75,1.3,9.5,-2.6,3156.695,76.90421,-1
660900,1179.75,1.3,9.5,-2.6,3155.4724,76.8944,-1
661000,1179.75,1.3,9.5,-2.6,3154.252,76.884605,-1
661100,1179.75,1.3,9.5,-2.6,3153.0337,76.87481,-1
661200,1181.25,1.3,9.5,-2.4,3151.8176,76.865036,-1
661300,1180.75,1.3,9.5,-2.4,3150.6038,76.85527,-1
661400,1179.75,1.3,9.5,-2.4,3149.3918,76.84551,-1
661500,1179.75,1.3,9.5,-2.4,3148.1824,76.83576,-1
661600,1178.75,1.3,9.5,-2.4,3146.9749,76.826035,-1
661700,1179.25,1.3,9.5,-2.4,3145.7695,76.81631,-1
661800,1178.75,1.3,9.5,-2.4,3144.5664,76.806595,-1
661900,1180.75,1.3,9.5,-2.4,3143.3655,76.7969,-1
662000,1180.75,1.3,9.5,-2.4,3142.1667,76.78721,-1
662100,1179.25,1.3,9.5,-2.4,3140.9702,76.77753,-1
662200,1180.75,1.3,9.5,-2.4,3139.776,76.76787,-1
662300,1181.25,1.3,9.5,-2.4,3138.5837,76.75821,-1
662400,1182.25,1.3,9.5,-2.4,3137.3938,76.748566,-1
662500,1182.75,1.3,9.5,-2.4,3136.206,76.73894,-1
662600,1181.75,1.3,9.5,-2.4,3135.0208,76.729324,-1
662700,1182.25,1.3,9.5,-2.4,3133.8374,76.71972,-1
662800,1182.25,1.3,9.5,-2.4,3132.6565,76.71013,-1
662900,1184.75,1.3,9.5,-2.4,3131.4778,76.70055,-1
663000,1184.75,1.3,9.5,-2.4,3130.3013,76.69098,-1
663100,1184.25,1.3,9.5,-2.4,3129.127,76.68143,-1
663200,1185.75,1.3,9.5,-2.4,3127.955,76.67188,-1
663300,1185.75,1.3,9.5,-2.4,3126.7852,76.66235,-1
663400,1184.25,1.3,9.5,-2.4,3125.618,76.65284,-1
663500,1183.75,1.3,9.5,-2.4,3124.4526,76.64333,-1
663600,1183.75,1.3,9.5,-2.4,3123.2898,76.63385,-1
663700,1184.25,1.3,9.5,-2.4,3122.1292,76.624374,-1
663800,1186.25,1.3,9.5,-2.4,3120.971,76.614914,-1
663900,1187.25,1.3,10.5,-2.4,3119.815,76.60546,-1
664000,1187.25,1.3,10.5,-2.4,3118.6614,76.59603,-1
664100,1184.75,1.3,10.5,-2.4,3117.51,76.58661,-1
664200,1184.5,1.3,10.5,-2.4,3116.361,76.5772,-1
664300,1184.5,1.3,10.5,-2.4,3115.2144,76.56781,-1
664400,1183.75,1.3,10.5,-2.4,3114.07,76.55843,-1
664500,1182.75,1.3,10.5,-2.4,3112.928,76.54907,-1
664600,1181.75,1.3,10.5,-2.4,3111.7883,76.53972,-1
664700,1181.75,1.3,10.5,-2.4,3110.651,76.53039,-1
664800,1180.75,1.3,10.5,-2.4,3109.516,76.52107,-1
664900,1182.75,1.3,10.5,-2.4,3108.3833,76.511765,-1
665000,1182.25,1.3,10.5,-2.4,3107.2532,76.50248,-1
665100,1180.75,1.3,10.5,-2.4,3106.1252,76.4932,-1
665200,1181.25,1.3,10.5,-2.4,3104.9998,76.48394,-1
665300,1181.0,1.3,10.5,-2.4,3103.8767,76.4747,-1
665400,1180.25,1.3,10.5,-2.4,3102.756,76.46547,-1
665500,1179.25,1.3,10.5,-2.4,3101.638,76.45626,-1
665600,1179.75,1.3,10.5,-2.4,3100.522,76.44706,-1
665700,1179.75,1.3,10.5,-2.4,3099.4084,76.43788,-1
665800,1182.25,1.3,10.5,-2.4,3098.2974,76.42872,-1
665900,1182.5,1.3,10.5,-2.4,3097.1887,76.41956,-1
666000,1181.75,1.3,10.5,-2.4,3096.0825,76.41043,-1
666100,1181.25,1.3,10.5,-2.4,3094.9788,76.40131,-1
666200,1181.5,1.3,10.5,-2.4,3093.8774,76.39221,-1
666300,1181.5,1.3,10.5,-2.4,3092.7786,76.38313,-1
666400,1182.75,1.3,10.5,-2.4,3091.6821,76.37406,-1
666500,1182.25,1.3,10.5,-2.4,3090.5881,76.36501,-1
666600,1182.0,1.3,10.5,-2.4,3089.4968,76.35598,-1
666700,1180.75,1.3,10.5,-2.4,3088.4077,76.34696,-1
666800,1179.75,1.3,10.5,-2.4,3087.3213,76.33796,-1
666900,1180.25,1.3,10.5,-2.4,3086.237,76.32898,-1
667000,1180.25,1.3,10.5,-2.4,3085.1555,76.320015,-1
667100,1180.5,1.3,10.5,-2.4,3084.0764,76.311066,-1
667200,1182.25,1.3,10.5,-2.4,3082.9998,76.30214,-1
667300,1181.75,1.3,10.5,-2.4,3081.9258,76.29322,-1
667400,1181.5,1.3,10.5,-2.4,3080.8542,76.284325,-1
667500,1181.25,1.3,10.5,-2.4,3079.7852,76.27545,-1
667600,1180.75,1.3,10.5,-2.4,3078.7188,76.266594,-1
667700,1180.75,1.3,11.5,-2.4,3077.6545,76.25775,-1
667800,1182.25,1.3,11.5,-2.4,3076.5933,76.248924,-1
667900,1181.75,1.3,11.5,-2.4,3075.5342,76.24012,-1
668000,1180.75,1.3,11.5,-2.4,3074.4778,76.23134,-1
668100,1182.25,1.3,11.5,-2.4,3073.424,76.22257,-1
668200,1182.0,1.3,11.5,-2.4,3072.3728,76.21382,-1
668300,1182.0,1.3,11.5,-2.4,3071.3242,76.20509,-1
668400,1180.75,1.3,11.5,-2.4,3070.278,76.19638,-1
668500,1180.25,1.3,11.5,-2.4,3069.2344,76.18768,-1
668600,1179.25,1.3,11.5,-2.4,3068.1936,76.179016,-1
668700,1178.75,1.3,11.5,-2.4,3067.1553,76.17036,-1
668800,1180.75,1.3,11.5,-2.4,3066.1194,76.16173,-1
668900,1179.75,1.3,11.5,-2.4,3065.0862,76.15311,-1
669000,1180.25,1.3,11.5,-2.4,3064.0557,76.144516,-1
669100,1180.25,1.3,11.5,-2.4,3063.0276,76.13594,-1
669200,1178.75,1.3,11.5,-2.4,3062.0024,76.12738,-1
669300,1179.75,1.3,11.5,-2.4,3060.9797,76.11884,-1
669400,1179.25,1.3,11.5,-2.4,3059.9595,76.11033,-1
669500,1178.75,1.3,11.5,-2.4,3058.9421,76.10184,-1
669600,1178.75,1.3,11.5,-2.4,3057.9272,76.09336,-1
669700,1178.75,1.3,11.5,-2.4,3056.9153,76.0849,-1
669800,1179.0,1.3,11.5,-2.4,3055.9058,76.07647,-1
669900,1179.0,1.3,11.5,-2.4,3054.899,76.068054,-1
670000,1177.75,1.3,11.5,-2.4,3053.8948,76.05966,-1
670100,1177.25,1.3,11.5,-2.4,3052.8933,76.051285,-1
670200,1177.25,1.3,11.5,-2.4,3051.8943,76.04294,-1
670300,1176.75,1.3,11.5,-2.4,3050.8982,76.03461,-1
670400,1176.75,1.3,11.5,-2.4,3049.9048,76.0263,-1
670500,1176.75,1.3,11.5,-2.4,3048.914,76.018005,-1
670600,1177.0,1.3,11.5,-2.4,3047.926,76.00974,-1
670700,1177.75,1.3,11.5,-2.4,3046.9407,76.001495,-1
670800,1177.75,1.3,11.5,-2.4,3045.958,75.99327,-1
670900,1176.25,1.3,11.5,-2.4,3044.9783,75.98507,-1
671000,1175.25,1.3,11.5,-2.4,3044.001,75.97689,-1
671100,1175.75,1.3,11.5,-2.4,3043.0266,75.968735,-1
671200,1175.75,1.3,11.5,-2.4,3042.055,75.9606,-1
671300,1175.5,1.3,11.5,-2.4,3041.086,75.952484,-1
671400,1174.75,1.3,11.5,-2.4,3040.1196,75.9444,-1
671500,1173.25,1.3,11.5,-2.4,3039.1562,75.936325,-1
671600,1172.75,1.3,11.5,-2.4,3038.1956,75.928276,-1
671700,1169.75,1.3,11.5,-2.4,3037.2375,75.92026,-1
671800,1170.75,1.3,11.5,-2.4,3036.2825,75.912254,-1
671900,1170.75,1.3,11.5,-2.4,3035.33,75.904274,-1
672000,1171.25,1.3,11.5,-2.4,3034.3806,75.896324,-1
672100,1170.25,1.3,11.5,-2.4,3033.4336,75.88839,-1
672200,1170.25,1.3,11.5,-2.4,3032.4897,75.880486,-1
672300,1171.25,1.3,11.5,-2.4,3031.5486,75.8726,-1
672400,1172.75,1.3,11.5,-2.4,3030.61,75.86474,-1
672500,1172.75,1.3,11.5,-2.4,3029.6746,75.8569,-1
672600,1173.75,1.3,11.5,-2.4,3028.7417,75.84908,-1
672700,1172.25,1.3,11.5,-2.4,3027.8118,75.84129,-1
672800,1171.25,1.3,11.5,-2.4,3026.8848,75.83353,-1
672900,1170.75,1.3,11.5,-2.4,3025.9604,75.82579,-1
673000,1171.0,1.3,11.5,-2.4,3025.039,75.81807,-1
673100,1169.75,1.3,11.5,-2.4,3024.1206,75.81038,-1
673200,1167.75,1.3,11.5,-2.4,3023.2048,75.802704,-1
673300,1167.5,1.3,11.5,-2.4,3022.292,75.79506,-1
673400,1167.25,1.3,11.5,-2.4,3021.382,75.78744,-1
673500,1167.75,1.3,11.5,-2.4,3020.4749,75.77985,-1
673600,1167.75,1.3,11.5,-2.4,3019.5708,75.77228,-1
673700,1166.75,1.3,11.5,-2.4,3018.6694,75.76473,-1
673800,1166.75,1.3,11.5,-2.4,3017.771,75.75721,-1
673900,1166.5,1.3,11.5,-2.4,3016.8755,75.74972,-1
674000,1166.75,1.3,11.5,-2.4,3015.9827,75.74224,-1
674100,1166.75,1.3,11.5,-2.4,3015.093,75.7348,-1
674200,1165.75,1.3,11.5,-2.4,3014.2063,75.72738,-1
674300,1163.75,1.3,11.5,-2.4,3013.3223,75.719986,-1
674400,1163.25,1.3,11.5,-2.4,3012.4414,75.71262,-1
674500,1163.5,1.3,11.5,-2.4,3011.5632,75.70528,-1
674600,1162.75,1.3,11.5,-2.4,3010.6882,75.69796,-1
674700,1164.75,1.3,11.5,-2.4,3009.8162,75.690674,-1
674800,1163.75,1.3,11.5,-2.4,3008.9468,75.68341,-1
674900,1163.25,1.3,11.5,-2.4,3008.0806,75.67618,-1
675000,1162.75,1.3,11.5,-2.4,3007.2173,75.66896,-1
675100,1160.75,1.3,11.5,-2.4,3006.357,75.66178,-1
675200,1162.75,1.3,11.5,-2.4,3005.4998,75.654625,-1
675300,1162.5,1.3,11.5,-2.4,3004.6453,75.64749,-1
675400,1162.25,1.3,11.5,-2.4,3003.794,75.64039,-1
675500,1161.25,1.3,11.5,-2.4,3002.9456,75.633316,-1
675600,1160.75,1.3,11.5,-2.4,3002.1003,75.62627,-1
675700,1159.75,1.3,11.5,-2.4,3001.2578,75.61924,-1
675800,1162.25,1.3,11.5,-2.4,3000.4185,75.61225,-1
675900,1163.25,1.3,11.5,-2.4,2999.5823,75.605286,-1
676000,1163.25,1.3,11.5,-2.4,2998.7488,75.59834,-1
676100,1163.25,1.3,11.5,-2.4,2997.9185,75.59143,-1
676200,1164.25,1.3,11.5,-2.4,2997.0913,75.58455,-1
676300,1164.25,1.3,11.5,-2.4,2996.267,75.57769,-1
676400,1163.75,1.3,11.5,-2.4,2995.4458,75.57086,-1
676500,1163.75,1.3,11.5,-2.4,2994.6277,75.564064,-1
676600,1162.75,1.3,11.5,-2.4,2993.8127,75.5573,-1
676700,1161.75,1.3,11.5,-2.4,2993.0007,75.55055,-1
676800,1163.25,1.3,11.5,-2.4,2992.192,75.54384,-1
676900,1162.25,1.3,11.5,-2.4,2991.386,75.537155,-1
677000,1163.75,1.3,11.5,-2.4,2990.5833,75.530495,-1
677100,1163.75,1.3,11.5,-2.4,2989.7834,75.52387,-1
677200,1161.75,1.3,11.5,-2.4,2988.9868,75.51727,-1
677300,1160.75,1.3,11.5,-2.4,2988.1934,75.510704,-1
677400,1160.25,1.3,11.5,-2.4,2987.403,75.50416,-1
677500,1161.75,1.3,11.5,-2.4,2986.6157,75.49765,-1
677600,1162.0,1.3,11.5,-2.4,2985.8315,75.491165,-1
677700,1161.75,1.3,11.5,-2.4,2985.0505,75.48472,-1
677800,1163.25,1.3,11.5,-2.4,2984.2727,75.478294,-1
677900,1162.75,1.3,11.5,-2.4,2983.498,75.4719,-1
678000,1162.25,1.3,11.5,-2.4,2982.7263,75.46554,-1
678100,1161.25,1.3,10.5,-2.4,2981.9578,75.459206,-1
678200,1162.75,1.3,10.5,-2.4,2981.1924,75.4529,-1
678300,1161.25,1.3,10.5,-2.4,2980.4304,75.44663,-1
678400,1164.25,1.3,10.5,-2.4,2979.6714,75.44039,-1
678500,1164.75,1.3,10.5,-2.4,2978.9155,75.43418,-1
678600,1163.25,1.3,10.5,-2.4,2978.1628,75.428,-1
678700,1160.25,1.3,10.5,-2.4,2977.4133,75.42185,-1
678800,1160.25,1.3,10.5,-2.4,2976.667,75.41573,-1
678900,1159.75,1.3,10.5,-2.4,2975.924,75.409645,-1
679000,1159.75,1.3,10.5,-2.4,2975.184,75.40359,-1
679100,1160.75,1.3,10.5,-2.4,2974.4475,75.39756,-1
679200,1162.25,1.3,10.5,-2.4,2973.7139,75.39156,-1
679300,1163.25,1.3,10.5,-2.4,2972.9836,75.385605,-1
679400,1164.25,1.3,10.5,-2.4,2972.2566,75.37967,-1
679500,1164.5,1.3,10.5,-2.4,2971.533,75.37377,-1
679600,1165.75,1.3,10.5,-2.4,2970.8123,75.367905,-1
679700,1165.75,1.3,10.5,-2.4,2970.095,75.36207,-1
679800,1166.75,1.3,10.5,-2.4,2969.3809,75.35626,-1
679900,1166.25,1.3,10.5,-2.4,2968.6702,75.35049,-1
680000,1164.75,1.3,10.5,-2.4,2967.9626,75.34475,-1
680100,1164.25,1.3,10.5,-2.4,2967.2583,75.33904,-1
680200,1164.0,1.3,10.5,-2.4,2966.5574,75.33337,-1
680300,1163.25,1.3,10.5,-2.4,2965.8596,75.32773,-1
680400,1161.75,1.3,10.5,-2.4,2965.165,75.32211,-1
680500,1162.0,1.3,10.5,-2.4,2964.4739,75.316536,-1
680600,1162.75,1.3,10.5,-2.4,2963.786,75.311,-1
680700,1164.25,1.3,10.5,-2.4,2963.1013,75.30548,-1
680800,1165.25,1.3,10.5,-2.4,2962.4202,75.3,-1
680900,1165.25,1.3,10.5,-2.4,2961.7422,75.29456,-1
681000,1166.25,1.3,10.5,-2.4,2961.0676,75.28915,-1
681100,1166.0,1.3,10.5,-2.4,2960.3962,75.283775,-1
681200,1165.75,1.3,10.5,-2.4,2959.7283,75.27843,-1
681300,1165.5,1.3,10.5,-2.4,2959.0637,75.27312,-1
681400,1165.5,1.3,10.5,-2.4,2958.4023,75.26784,-1
681500,1165.75,1.3,10.5,-2.4,2957.7444,75.262596,-1
681600,1165.5,1.3,10.5,-2.4,2957.0898,75.25739,-1
681700,1164.75,1.3,10.5,-2.4,2956.4385,75.25221,-1
681800,1163.75,1.3,10.5,-2.4,2955.7908,75.24708,-1
681900,1165.75,1.3,10.5,-2.4,2955.1462,75.24197,-1
682000,1164.75,1.3,10.5,-2.4,2954.5051,75.2369,-1
682100,1163.25,1.3,10.5,-2.4,2953.8674,75.231865,-1
682200,1163.25,1.3,10.5,-2.4,2953.233,75.22686,-1
682300,1162.25,1.3,10.5,-2.4,2952.602,75.22189,-1
682400,1160.75,1.3,10.5,-2.4,2951.9746,75.21696,-1
682500,1160.25,1.3,10.5,-2.4,2951.3503,75.21207,-1
682600,1159.25,1.3,10.5,-2.4,2950.7297,75.2072,-1
682700,1159.75,1.3,10.5,-2.4,2950.1123,75.20238,-1
682800,1161.25,1.3,10.5,-2.4,2949.4985,75.197586,-1
682900,1161.75,1.3,10.5,-2.4,2948.888,75.19283,-1
683000,1160.25,1.3,10.5,-2.4,2948.281,75.18811,-1
683100,1161.75,1.3,10.5,-2.4,2947.6775,75.183426,-1
683200,1160.75,1.3,10.5,-2.4,2947.0774,75.17878,-1
683300,1160.5,1.4,10.5,-2.4,2946.4807,75.174164,-1
683400,1160.75,1.4,10.5,-2.4,2945.8875,75.169586,-1
683500,1160.75,1.4,10.5,-2.4,2945.2979,75.16505,-1
683600,1160.5,1.4,10.5,-2.4,2944.7114,75.160545,-1
683700,1159.75,1.4,10.5,-2.4,2944.1287,75.15608,-1
683800,1161.75,1.4,10.5,-2.4,2943.5496,75.15165,-1
683900,1160.25,1.4,10.5,-2.4,2942.9736,75.147255,-1
684000,1160.5,1.4,10.5,-2.4,2942.4014,75.1429,-1
684100,1160.25,1.4,10.5,-2.4,2941.8325,75.13858,-1
684200,1161.25,1.4,10.5,-2.4,2941.2673,75.1343,-1
684300,1162.75,1.4,10.5,-2.4,2940.7056,75.13005,-1
684400,1162.25,1.4,10.5,-2.4,2940.1472,75.12585,-1
684500,1162.0,1.4,10.5,-2.4,2939.5925,75.12167,-1
684600,1163.25,1.4,10.5,-2.4,2939.0413,75.11754,-1
684700,1162.25,1.4,10.5,-2.4,2938.4937,75.11344,-1
684800,1163.75,1.4,10.5,-2.4,2937.9495,75.10938,-1
684900,1163.25,1.4,10.5,-2.4,2937.409,75.10537,-1
685000,1164.25,1.4,10.5,-2.4,2936.8718,75.10139,-1
685100,1163.25,1.4,10.5,-2.4,2936.3384,75.09744,-1
685200,1163.0,1.4,10.5,-2.4,2935.8086,75.09354,-1
685300,1161.75,1.4,10.5,-2.4,2935.2822,75.08967,-1
685400,1162.0,1.4,10.5,-2.4,2934.7595,75.08584,-1
685500,1162.75,1.4,10.5,-2.4,2934.2405,75.08205,-1
685600,1162.25,1.4,10.5,-2.4,2933.7249,75.07829,-1
685700,1164.25,1.4,10.5,-2.4,2933.213,75.074585,-1
685800,1161.75,1.4,10.5,-2.4,2932.7046,75.07091,-1
685900,1162.75,1.4,10.5,-2.4,2932.2,75.06727,-1
686000,1163.0,1.4,10.5,-2.6,2931.6987,75.063675,-1
686100,1164.25,1.4,10.5,-2.6,2931.2012,75.06012,-1
686200,1163.75,1.4,10.5,-2.6,2930.7073,75.0566,-1
686300,1163.75,1.4,10.5,-2.6,2930.217,75.05312,-1
686400,1163.5,1.5,10.5,-2.6,2929.7305,75.04968,-1
686500,1164.75,1.5,10.5,-2.6,2929.2476,75.04629,-1
686600,1163.75,1.5,10.5,-2.6,2928.7683,75.04293,-1
686700,1163.75,1.5,10.5,-2.6,2928.2927,75.03961,-1
686800,1164.75,1.5,10.5,-2.6,2927.8208,75.03633,-1
686900,1164.75,1.5,10.5,-2.6,2927.3523,75.03309,-1
687000,1164.75,1.5,10.5,-2.6,2926.8877,75.02989,-1
687100,1164.75,1.5,10.5,-2.6,2926.4268,75.02673,-1
687200,1162.75,1.5,10.5,-2.6,2925.9695,75.02361,-1
687300,1163.0,1.5,10.5,-2.6,2925.5159,75.02054,-1
687400,1161.75,1.5,10.5,-2.6,2925.0662,75.0175,-1
687500,1162.25,1.5,10.5,-2.6,2924.6199,75.0145,-1
687600,1163.25,1.5,10.5,-2.6,2924.1775,75.01155,-1
687700,1162.25,1.5,10.5,-2.6,2923.7388,75.00864,-1
687800,1162.25,1.5,10.5,-2.6,2923.3037,75.00577,-1
687900,1163.75,1.5,10.5,-2.6,2922.8723,75.00294,-1
688000,1165.25,1.5,10.5,-2.6,2922.4448,75.000145,-1
688100,1166.25,1.5,10.5,-2.6,2922.021,74.9974,-1
688200,1166.25,1.5,10.5,-2.6,2921.6008,74.99469,-1
688300,1165.25,1.5,10.5,-2.6,2921.1846,74.99203,-1
688400,1166.25,1.5,10.5,-2.6,2920.772,74.9894,-1
688500,1166.75,1.5,10.5,-2.6,2920.3633,74.986824,-1
688600,1167.0,1.5,10.5,-2.6,2919.9583,74.98428,-1
688700,1166.25,1.5,10.5,-2.6,2919.557,74.98179,-1
688800,1166.0,1.5,10.5,-2.6,2919.1594,74.97933,-1
688900,1165.75,1.5,10.5,-2.6,2918.7659,74.97692,-1
689000,1164.75,1.5,10.5,-2.6,2918.376,74.974556,-1
689100,1165.75,1.5,10.5,-2.6,2917.9897,74.97223,-1
689200,1164.25,1.5,10.5,-2.6,2917.6074,74.96994,-1
689300,1165.25,1.5,10.5,-2.6,2917.229,74.967705,-1
689400,1165.75,1.5,10.5,-2.6,2916.8545,74.9655,-1
689500,1166.75,1.5,10.5,-2.6,2916.4836,74.96335,-1
689600,1165.25,1.5,10.5,-2.6,2916.1165,74.961235,-1
689700,1163.25,1.5,10.5,-2.6,2915.7534,74.95917,-1
689800,1164.75,1.5,10.5,-2.6,2915.394,74.957146,-1
689900,1163.75,1.5,10.5,-2.6,2915.0386,74.95516,-1
690000,1165.75,1.5,10.5,-2.6,2914.687,74.953224,-1
690100,1166.75,1.5,10.5,-2.6,2914.339,74.95133,-1
690200,1166.75,1.5,10.5,-2.6,2913.9954,74.949486,-1
690300,1165.25,1.5,10.5,-2.6,2913.6553,74.94768,-1
690400,1165.75,1.5,10.5,-2.6,2913.319,74.945915,-1
690500,1165.75,1.5,10.5,-2.6,2912.9868,74.9442,-1
690600,1165.75,1.5,10.5,-2.6,2912.6584,74.94253,-1
690700,1164.75,1.5,10.5,-2.6,2912.334,74.9409,-1
690800,1165.25,1.5,10.5,-2.6,2912.0134,74.939316,-1
690900,1165.25,1.5,10.5,-2.6,2911.6965,74.93778,-1
691000,1164.75,1.5,10.5,-2.6,2911.3838,74.93629,-1
691100,1163.75,1.5,10.5,-2.6,2911.075,74.93484,-1
691200,1163.75,1.5,10.5,-2.6,2910.77,74.93343,-1
691300,1163.75,1.5,10.5,-2.6,2910.469,74.932076,-1
691400,1164.25,1.5,10.5,-2.6,2910.172,74.93076,-1
691500,1164.0,1.5,10.5,-2.6,2909.879,74.9295,-1
691600,1164.0,1.5,10.5,-2.6,2909.5898,74.92827,-1
691700,1162.25,1.5,10.5,-2.6,2909.3044,74.92709,-1
691800,1161.25,1.5,10.5,-2.6,2909.0232,74.925964,-1
691900,1161.75,1.5,10.5,-2.6,2908.7458,74.92488,-1
692000,1160.25,1.5,10.5,-2.6,2908.4727,74.92384,-1
692100,1160.25,1.5,10.5,-2.6,2908.2034,74.92285,-1
692200,1158.75,1.5,10.5,-2.6,2907.938,74.921906,-1
692300,1159.75,1.5,10.5,-2.6,2907.6765,74.921005,-1
692400,1159.75,1.5,10.5,-2.6,2907.4192,74.92015,-1
692500,1160.25,1.5,10.5,-2.6,2907.1658,74.91934,-1
692600,1159.25,1.5,10.5,-2.6,2906.9165,74.91858,-1
692700,1160.25,1.5,10.5,-2.6,2906.6711,74.91787,-1
692800,1158.75,1.5,10.5,-2.6,2906.4297,74.9172,-1
692900,1160.75,1.5,10.5,-2.6,2906.1924,74.91658,-1
693000,1160.75,1.5,10.5,-2.6,2905.9592,74.91601,-1
693100,1160.75,1.5,10.5,-2.6,2905.73,74.91548,-1
693200,1158.75,1.5,10.5,-2.6,2905.5046,74.91501,-1
693300,1157.75,1.5,10.5,-2.6,2905.2834,74.91457,-1
693400,1160.25,1.5,10.5,-2.6,2905.0664,74.91419,-1
693500,1160.0,1.5,10.5,-2.6,2904.8535,74.91386,-1
693600,1157.75,1.5,10.5,-2.6,2904.6445,74.913574,-1
693700,1158.25,1.5,10.5,-2.6,2904.4395,74.91333,-1
693800,1158.25,1.5,10.5,-2.6,2904.2388,74.91314,-1
693900,1156.25,1.5,10.5,-2.6,2904.042,74.913,-1
694000,1158.25,1.5,10.5,-2.6,2903.8494,74.9129,-1
694100,1158.25,1.5,10.5,-2.6,2903.661,74.91286,-1
694200,1158.75,1.5,10.5,-2.6,2903.4763,74.912865,-1
694300,1156.75,1.5,10.5,-2.6,2903.296,74.91291,-1
694400,1155.75,1.5,10.5,-2.6,2903.1199,74.91302,-1
694500,1156.0,1.5,10.5,-2.6,2902.9478,74.91316,-1
694600,1157.25,1.5,10.5,-2.6,2902.7798,74.91336,-1
694700,1157.25,1.5,10.5,-2.6,2902.6157,74.913605,-1
694800,1157.5,1.5,10.5,-2.6,2902.456,74.9139,-1
694900,1157.25,1.5,10.5,-2.6,2902.3005,74.91425,-1
695000,1158.75,1.5,10.5,-2.6,2902.1492,74.91464,-1
695100,1157.75,1.5,10.5,-2.6,2902.002,74.91509,-1
695200,1159.25,1.5,10.5,-2.6,2901.859,74.91558,-1
695300,1159.25,1.5,10.5,-2.6,2901.7197,74.91613,-1
695400,1156.75,1.5,10.5,-2.6,2901.585,74.916725,-1
695500,1156.75,1.5,10.5,-2.6,2901.4546,74.917366,-1
695600,1155.75,1.5,10.5,-2.6,2901.3281,74.91806,-1
695700,1156.0,1.5,10.5,-2.6,2901.2058,74.91881,-1
695800,1155.25,1.5,10.5,-2.6,2901.088,74.9196,-1
695900,1156.25,1.5,10.5,-2.6,2900.974,74.92045,-1
696000,1156.0,1.5,10.5,-2.6,2900.8645,74.92134,-1
696100,1156.25,1.5,10.5,-2.6,2900.759,74.92229,-1
696200,1157.75,1.5,10.5,-2.6,2900.658,74.92329,-1
696300,1157.75,1.5,10.5,-2.6,2900.561,74.92433,-1
696400,1158.75,1.5,10.5,-2.6,2900.4683,74.92543,-1
696500,1158.75,1.5,10.5,-2.6,2900.38,74.92658,-1
696600,1158.25,1.5,10.5,-2.6,2900.2957,74.92779,-1
696700,1158.75,1.5,10.5,-2.6,2900.2156,74.92904,-1
696800,1157.25,1.5,10.5,-2.6,2900.14,74.93034,-1
696900,1157.25,1.5,10.5,-2.6,2900.0686,74.9317,-1
697000,1157.25,1.5,10.5,-2.6,2900.0012,74.93311,-1
697100,1156.25,1.5,10.5,-2.6,2899.9385,74.93457,-1
697200,1153.75,1.5,10.5,-2.6,2899.88,74.93608,-1
697300,1154.75,1.5,10.5,-2.6,2899.8254,74.937645,-1
697400,1154.5,1.5,10.5,-2.6,2899.7754,74.93926,-1
697500,1154.5,1.5,10.5,-2.6,2899.7297,74.94093,-1
697600,1153.75,1.5,10.5,-2.6,2899.6882,74.94266,-1
697700,1154.0,1.5,10.5,-2.6,2899.6511,74.94443,-1
697800,1154.25,1.5,10.5,-2.6,2899.6182,74.94625,-1
697900,1153.75,1.5,10.5,-2.6,2899.5898,74.948135,-1
698000,1152.25,1.5,10.5,-2.6,2899.5657,74.950066,-1
698100,1152.0,1.5,10.5,-2.6,2899.5457,74.95205,-1
698200,1152.75,1.5,10.5,-2.6,2899.5303,74.95409,-1
698300,1151.25,1.5,10.5,-2.6,2899.519,74.956184,-1
698400,1152.25,1.5,10.5,-2.6,2899.5122,74.95833,-1
698500,1150.75,1.5,10.5,-2.6,2899.5098,74.960526,-1
698600,1150.75,1.5,10.5,-2.6,2899.5117,74.962776,-1
698700,1151.0,1.5,10.5,-2.6,2899.518,74.96508,-1
698800,1151.25,1.5,10.5,-2.6,2899.5286,74.967445,-1
698900,1152.75,1.5,10.5,-2.6,2899.5437,74.96986,-1
699000,1152.75,1.5,10.5,-2.6,2899.5632,74.97233,-1
699100,1153.25,1.5,10.5,-2.6,2899.587,74.974846,-1
699200,1152.25,1.5,10.5,-2.6,2899.6152,74.977425,-1
699300,1152.75,1.5,10.5,-2.6,2899.6477,74.98006,-1
699400,1151.25,1.5,10.5,-2.6,2899.6848,74.982735,-1
699500,1150.75,1.5,10.5,-2.6,2899.7263,74.98548,-1
699600,1149.75,1.5,10.5,-2.6,2899.7722,74.98827,-1
699700,1148.75,1.5,10.5,-2.6,2899.8225,74.99112,-1
699800,1149.75,1.5,10.5,-2.6,2899.8772,74.994026,-1
699900,1149.75,1.5,10.5,-2.6,2899.9363,74.99699,-1
700000,1149.75,1.5,10.5,-2.6,2900.0,75.0,-1
700100,1150.75,1.5,10.5,-2.6,2900.068,75.00307,-1
700200,1149.75,1.5,10.5,-2.6,2900.1406,75.006195,-1
700300,1149.25,1.5,10.5,-2.6,2900.2175,75.00938,-1
700400,1148.75,1.5,10.5,-2.6,2900.2988,75.01261,-1
700500,1147.75,1.5,10.5,-2.6,2900.3848,75.0159,-1
700600,1146.75,1.5,10.5,-2.6,2900.4749,75.01924,-1
700700,1147.75,1.5,10.5,-2.6,2900.5696,75.022644,-1
700800,1147.25,1.5,10.5,-2.6,2900.6685,75.02609,-1
700900,1147.0,1.5,10.5,-2.6,2900.7717,75.0296,-1
701000,1147.0,1.5,10.5,-2.6,2900.8796,75.03316,-1
701100,1148.25,1.5,10.5,-2.6,2900.9917,75.03677,-1
701200,1148.25,1.5,10.5,-2.6,2901.1082,75.04044,-1
701300,1148.25,1.5,10.5,-2.6,2901.229,75.04417,-1
701400,1149.25,1.5,10.5,-2.6,2901.354,75.047935,-1
701500,1149.5,1.5,10.5,-2.6,2901.4834,75.051765,-1
701600,1149.25,1.5,10.5,-2.6,2901.6172,75.05564,-1
701700,1148.25,1.5,10.5,-2.6,2901.7554,75.05958,-1
701800,1149.75,1.5,10.5,-2.6,2901.8977,75.06356,-1
701900,1149.25,1.5,10.5,-2.6,2902.0444,75.0676,-1
702000,1148.75,1.5,10.5,-2.6,2902.1953,75.071686,-1
702100,1149.25,1.5,10.5,-2.6,2902.3503,75.07583,-1
702200,1148.75,1.5,10.5,-2.6,2902.51,75.080025,-1
702300,1148.75,1.5,10.5,-2.6,2902.6736,75.08427,-1
702400,1148.75,1.5,10.5,-2.6,2902.8416,75.08857,-1
702500,1146.75,1.5,9.5,-2.6,2903.0137,75.09291,-1
702600,1147.25,1.5,9.5,-2.6,2903.1902,75.09731,-1
702700,1148.75,1.5,9.5,-2.6,2903.3708,75.10176,-1
702800,1148.75,1.5,9.5,-2.6,2903.5557,75.10626,-1
702900,1148.75,1.5,9.5,-2.6,2903.7446,75.11082,-1
703000,1148.75,1.5,9.5,-2.6,2903.938,75.11542,-1
703100,1149.0,1.5,9.5,-2.6,2904.1353,75.12007,-1
703200,1151.25,1.5,9.5,-2.6,2904.337,75.12478,-1
703300,1152.25,1.5,9.5,-2.6,2904.5427,75.12953,-1
703400,1152.5,1.5,9.5,-2.6,2904.7524,75.13433,-1
703500,1151.75,1.5,9.5,-2.6,2904.9666,75.13918,-1
703600,1150.75,1.5,9.5,-2.6,2905.1848,75.14409,-1
703700,1151.75,1.5,9.5,-2.6,2905.407,75.14904,-1
703800,1151.75,1.5,9.5,-2.6,2905.6335,75.15404,-1
703900,1153.25,1.5,9.5,-2.6,2905.864,75.15909,-1
704000,1153.25,1.5,9.5,-2.6,2906.0986,75.164185,-1
704100,1151.75,1.5,9.5,-2.6,2906.3374,75.169334,-1
704200,1152.0,1.5,9.5,-2.6,2906.58,75.17453,-1
704300,1153.25,1.5,9.5,-2.6,2906.827,75.17977,-1
704400,1153.75,1.5,9.5,-2.6,2907.078,75.18507,-1
704500,1152.25,1.5,9.5,-2.6,2907.3328,75.19041,-1
704600,1153.25,1.6,9.5,-2.6,2907.5918,75.19579,-1
704700,1153.0,1.6,9.5,-2.6,2907.8547,75.20123,-1
704800,1151.75,1.6,9.5,-2.6,2908.1218,75.20672,-1
704900,1152.25,1.6,9.5,-2.6,2908.393,75.21225,-1
705000,1151.25,1.6,9.5,-2.6,2908.668,75.21783,-1
705100,1151.5,1.6,9.5,-2.6,2908.947,75.22345,-1
705200,1152.25,1.6,9.5,-2.6,2909.2302,75.229126,-1
705300,1152.75,1.6,9.5,-2.6,2909.5173,75.23484,-1
705400,1151.25,1.6,9.5,-2.6,2909.8083,75.24061,-1
705500,1152.25,1.6,9.5,-2.6,2910.1033,75.24642,-1
705600,1151.75,1.6,9.5,-2.6,2910.402,75.25228,-1
705700,1152.0,1.6,9.5,-2.6,2910.705,75.25819,-1
705800,1152.0,1.6,9.5,-2.6,2911.012,75.26414,-1
705900,1152.75,1.6,9.5,-2.6,2911.3225,75.270134,-1
706000,1152.5,1.6,9.5,-2.6,2911.6372,75.27618,-1
706100,1151.25,1.6,9.5,-2.6,2911.9558,75.282265,-1
706200,1151.25,1.6,9.5,-2.6,2912.2783,75.28839,-1
706300,1152.75,1.6,9.5,-2.6,2912.6047,75.29457,-1
706400,1151.75,1.6,9.5,-2.6,2912.9348,75.3008,-1
706500,1152.25,1.6,9.5,-2.6,2913.269,75.30706,-1
706600,1150.75,1.6,9.5,-2.6,2913.607,75.31337,-1
706700,1149.25,1.6,9.5,-2.6,2913.9487,75.31973,-1
706800,1149.25,1.6,9.5,-2.6,2914.2944,75.32613,-1
706900,1147.75,1.6,9.5,-2.6,2914.6438,75.33257,-1
707000,1148.25,1.6,9.5,-2.6,2914.997,75.339066,-1
707100,1148.75,1.6,9.5,-2.6,2915.3542,75.3456,-1
707200,1148.25,1.6,9.5,-2.6,2915.715,75.35217,-1
707300,1149.75,1.6,9.5,-2.6,2916.0798,75.358795,-1
707400,1149.75,1.6,9.5,-2.6,2916.4485,75.365456,-1
707500,1149.75,1.6,9.5,-2.6,2916.8208,75.37216,-1
707600,1149.75,1.6,9.5,-2.6,2917.1968,75.37891,-1
707700,1150.0,1.6,9.5,-2.6,2917.5767,75.385704,-1
707800,1150.0,1.6,9.5,-2.6,2917.9602,75.39253,-1
707900,1150.75,1.6,9.5,-2.6,2918.3474,75.399414,-1
708000,1149.75,1.6,9.5,-2.6,2918.7385,75.406334,-1
708100,1149.5,1.6,9.5,-2.6,2919.1333,75.41329,-1
708200,1148.75,1.6,9.5,-2.6,2919.5317,75.420296,-1
708300,1147.25,1.6,9.5,-2.6,2919.934,75.42734,-1
708400,1147.5,1.6,9.5,-2.6,2920.3398,75.434425,-1
708500,1147.75,1.6,9.5,-2.6,2920.7495,75.44155,-1
708600,1147.75,1.6,9.5,-2.6,2921.1628,75.44872,-1
708700,1149.25,1.6,9.5,-2.6,2921.5798,75.45593,-1
708800,1149.25,1.6,9.5,-2.6,2922.0002,75.46319,-1
708900,1151.75,1.6,9.5,-2.6,2922.4246,75.470474,-1
709000,1151.75,1.6,9.5,-2.6,2922.8525,75.47781,-1
709100,1152.75,1.6,9.5,-2.6,2923.284,75.48518,-1
709200,1152.75,1.6,9.5,-2.6,2923.7192,75.4926,-1
709300,1152.25,1.6,9.5,-2.6,2924.158,75.50005,-1
709400,1151.25,1.6,9.5,-2.6,2924.6003,75.507545,-1
709500,1152.25,1.6,9.5,-2.6,2925.0461,75.515076,-1
709600,1151.75,1.6,9.5,-2.6,2925.4958,75.52265,-1
709700,1151.5,1.6,9.5,-2.6,2925.949,75.530266,-1
709800,1148.75,1.6,9.5,-2.6,2926.4055,75.53792,-1
709900,1148.75,1.6,9.5,-2.6,2926.866,75.54561,-1
710000,1148.75,1.6,9.5,-2.6,2927.3298,75.55334,-1
710100,1148.75,1.6,9.5,-2.6,2927.797,75.561104,-1
710200,1147.75,1.6,9.5,-2.6,2928.268,75.56892,-1
710300,1148.75,1.6,9.5,-2.6,2928.7424,75.57676,-1
710400,1148.75,1.6,9.5,-2.6,2929.2202,75.58465,-1
710500,1150.25,1.6,9.5,-2.6,2929.7017,75.59257,-1
710600,1151.25,1.6,9.5,-2.6,2930.1868,75.600525,-1
710700,1151.75,1.6,9.5,-2.6,2930.675,75.60853,-1
710800,1151.25,1.6,9.5,-2.6,2931.167,75.61656,-1
710900,1152.25,1.6,9.5,-2.6,2931.6624,75.62463,-1
711000,1152.25,1.6,9.5,-2.6,2932.1614,75.632744,-1
711100,1153.25,1.6,9.5,-2.6,2932.6636,75.64089,-1
711200,1152.25,1.6,9.5,-2.6,2933.1692,75.64908,-1
711300,1153.75,1.6,9.5,-2.6,2933.6785,75.6573,-1
711400,1155.25,1.6,9.5,-2.6,2934.191,75.665565,-1
711500,1154.25,1.6,9.5,-2.6,2934.707,75.67386,-1
711600,1154.25,1.6,9.5,-2.6,2935.2266,75.68219,-1
711700,1153.75,1.6,9.5,-2.6,2935.7493,75.69056,-1
711800,1153.75,1.6,9.5,-2.6,2936.2754,75.69896,-1
711900,1153.75,1.6,9.5,-2.6,2936.805,75.7074,-1
712000,1152.75,1.6,9.5,-2.6,2937.338,75.71587,-1
712100,1151.75,1.6,9.5,-2.6,2937.8743,75.72439,-1
712200,1151.25,1.6,9.5,-2.6,2938.414,75.73293,-1
712300,1150.25,1.6,9.5,-2.6,2938.957,75.741516,-1
712400,1150.0,1.6,9.5,-2.6,2939.5032,75.75013,-1
712500,1151.75,1.6,9.5,-2.6,2940.053,75.75878,-1
712600,1150.25,1.6,9.5,-2.6,2940.606,75.76747,-1
712700,1151.75,1.6,9.5,-2.6,2941.162,75.77619,-1
712800,1153.25,1.6,9.5,-2.6,2941.7217,75.78494,-1
712900,1153.25,1.6,9.5,-2.6,2942.2847,75.79373,-1
713000,1153.25,1.6,9.5,-2.6,2942.8508,75.80256,-1
713100,1153.5,1.6,9.5,-2.6,2943.4202,75.81142,-1
713200,1152.25,1.6,9.5,-2.6,2943.993,75.820305,-1
713300,1152.25,1.6,9.5,-2.6,2944.5688,75.82923,-1
713400,1154.25,1.6,9.5,-2.4,2945.148,75.83819,-1
713500,1155.25,1.6,9.5,-2.4,2945.7305,75.847176,-1
713600,1156.75,1.6,9.5,-2.4,2946.3162,75.8562,-1
713700,1155.25,1.6,9.5,-2.4,2946.9048,75.86526,-1
713800,1155.25,1.6,9.5,-2.4,2947.4968,75.874344,-1
713900,1155.0,1.6,9.5,-2.4,2948.0923,75.88347,-1
714000,1153.75,1.6,9.5,-2.4,2948.6907,75.892624,-1
714100,1150.25,1.6,9.5,-2.4,2949.2922,75.90181,-1
714200,1151.25,1.6,9.5,-2.4,2949.897,75.91103,-1
714300,1152.75,1.6,9.5,-2.4,2950.505,75.92028,-1
714400,1152.25,1.6,9.5,-2.4,2951.116,75.929565,-1
714500,1151.75,1.6,9.5,-2.4,2951.7302,75.93888,-1
714600,1153.75,1.6,9.5,-2.4,2952.3477,75.94822,-1
714700,1153.75,1.6,9.5,-2.4,2952.9683,75.9576,-1
714800,1153.5,1.6,9.5,-2.4,2953.5918,75.96701,-1
714900,1152.25,1.6,9.5,-2.4,2954.2185,75.97645,-1
715000,1153.75,1.6,9.5,-2.4,2954.8484,75.985916,-1
715100,1154.75,1.6,9.5,-2.4,2955.4812,75.995415,-1
715200,1156.25,1.6,9.5,-2.4,2956.1172,76.004944,-1
715300,1156.5,1.6,9.5,-2.4,2956.7563,76.0145,-1
715400,1156.5,1.6,9.5,-2.4,2957.3984,76.0241,-1
715500,1155.25,1.6,9.5,-2.4,2958.0437,76.03372,-1
715600,1155.25,1.6,9.5,-2.4,2958.692,76.043365,-1
715700,1152.75,1.6,9.5,-2.4,2959.343,76.05305,-1
715800,1153.0,1.6,9.5,-2.4,2959.9973,76.06276,-1
715900,1151.75,1.6,9.5,-2.4,2960.6545,76.072495,-1
716000,1152.75,1.6,9.5,-2.4,2961.315,76.08227,-1
716100,1152.75,1.6,9.5,-2.4,2961.9783,76.092064,-1
716200,1153.75,1.6,9.5,-2.4,2962.6445,76.10189,-1
716300,1153.75,1.6,9.5,-2.4,2963.3137,76.11174,-1
716400,1154.75,1.6,9.5,-2.4,2963.986,76.12163,-1
716500,1154.25,1.6,9.5,-2.4,2964.6611,76.13154,-1
716600,1153.25,1.6,9.5,-2.4,2965.3394,76.14147,-1
716700,1154.75,1.6,9.5,-2.4,2966.0203,76.15144,-1
716800,1155.25,1.5,9.5,-2.4,2966.7043,76.16144,-1
716900,1155.0,1.5,9.5,-2.4,2967.3914,76.171455,-1
717000,1155.25,1.5,9.5,-2.4,2968.0813,76.18151,-1
717100,1153.25,1.5,9.5,-2.4,2968.774,76.19158,-1
717200,1153.5,1.5,9.5,-2.4,2969.4697,76.20169,-1
717300,1153.75,1.5,9.5,-2.4,2970.1682,76.21182,-1
717400,1154.75,1.5,9.5,-2.4,2970.8696,76.22198,-1
717500,1154.75,1.5,9.5,-2.4,2971.574,76.23216,-1
717600,1155.75,1.5,9.5,-2.4,2972.281,76.24237,-1
717700,1154.75,1.5,9.5,-2.4,2972.991,76.25261,-1
717800,1154.25,1.5,9.5,-2.4,2973.7039,76.26287,-1
717900,1154.75,1.5,9.5,-2.4,2974.4197,76.27316,-1
718000,1156.25,1.5,9.5,-2.4,2975.1382,76.28348,-1
718100,1156.25,1.5,9.5,-2.4,2975.8594,76.293816,-1
718200,1155.75,1.5,9.5,-2.4,2976.5835,76.304184,-1
718300,1155.75,1.5,9.5,-2.4,2977.3105,76.314575,-1
718400,1154.25,1.5,9.5,-2.4,2978.0403,76.325,-1
718500,1153.75,1.5,9.5,-2.4,2978.7727,76.335434,-1
718600,1152.25,1.5,9.5,-2.4,2979.508,76.3459,-1
718700,1152.0,1.5,9.5,-2.4,2980.246,76.35639,-1
718800,1151.75,1.5,9.5,-2.4,2980.9868,76.366905,-1
718900,1151.75,1.5,9.5,-2.4,2981.7302,76.37745,-1
719000,1152.0,1.5,9.5,-2.4,2982.4766,76.38801,-1
719100,1152.0,1.5,9.5,-2.4,2983.2256,76.3986,-1
719200,1153.25,1.5,9.5,-2.4,2983.9773,76.40921,-1
719300,1153.0,1.5,9.5,-2.4,2984.7317,76.419846,-1
719400,1153.0,1.5,9.5,-2.4,2985.4888,76.430504,-1
719500,1153.0,1.5,9.5,-2.4,2986.2485,76.441185,-1
719600,1153.0,1.5,9.5,-2.4,2987.011,76.4519,-1
719700,1153.75,1.5,9.5,-2.4,2987.7761,76.46262,-1
719800,1154.25,1.5,9.5,-2.4,2988.544,76.47337,-1
719900,1155.75,1.5,9.5,-2.4,2989.3142,76.484146,-1
720000,1155.5,1.5,9.5,-2.4,2990.0874,76.49494,-1
720100,1156.25,1.5,9.5,-2.4,2990.863,76.50576,-1
720200,1158.25,1.5,9.5,-2.4,2991.6416,76.5166,-1
720300,1156.75,1.5,9.5,-2.4,2992.4224,76.527466,-1
720400,1158.25,1.5,9.5,-2.4,2993.206,76.53835,-1
720500,1160.25,1.5,9.5,-2.4,2993.9922,76.549255,-1
720600,1161.25,1.5,9.5,-2.4,2994.781,76.56019,-1
720700,1161.0,1.5,9.5,-2.4,2995.5723,76.57114,-1
720800,1160.75,1.5,9.5,-2.4,2996.3662,76.58211,-1
720900,1161.75,1.5,9.5,-2.4,2997.1626,76.593094,-1
721000,1162.75,1.5,9.5,-2.4,2997.9617,76.60411,-1
721100,1163.0,1.5,9.5,-2.6,2998.7632,76.61514,-1
721200,1164.75,1.5,9.5,-2.6,2999.5674,76.6262,-1
721300,1166.75,1.5,9.5,-2.6,3000.374,76.63727,-1
721400,1166.75,1.5,9.5,-2.6,3001.183,76.64836,-1
721500,1166.5,1.5,9.5,-2.6,3001.9946,76.65948,-1
721600,1166.5,1.5,9.5,-2.6,3002.8088,76.67061,-1
721700,1167.25,1.5,9.5,-2.6,3003.6255,76.68176,-1
721800,1166.75,1.5,9.5,-2.6,3004.4446,76.69294,-1
721900,1166.25,1.5,9.5,-2.6,3005.266,76.70413,-1
722000,1166.0,1.5,10.5,-2.6,3006.09,76.71534,-1
722100,1165.75,1.5,10.5,-2.6,3006.9165,76.72657,-1
722200,1165.25,1.5,10.5,-2.6,3007.7456,76.73782,-1
722300,1165.0,1.5,10.5,-2.6,3008.577,76.74909,-1
722400,1164.25,1.5,10.5,-2.6,3009.4106,76.760376,-1
722500,1163.25,1.5,10.5,-2.6,3010.2468,76.77168,-1
722600,1163.25,1.5,10.5,-2.6,3011.0854,76.783005,-1
722700,1164.25,1.5,10.5,-2.6,3011.9265,76.79435,-1
722800,1165.25,1.5,10.5,-2.6,3012.7698,76.80571,-1
722900,1165.75,1.5,10.5,-2.6,3013.6157,76.817085,-1
723000,1165.75,1.5,10.5,-2.6,3014.4639,76.82848,-1
723100,1164.75,1.5,10.5,-2.6,3015.3142,76.83989,-1
723200,1165.25,1.5,10.5,-2.6,3016.1672,76.85132,-1
723300,1166.75,1.5,10.5,-2.6,3017.0225,76.86277,-1
723400,1167.0,1.5,10.5,-2.6,3017.88,76.87423,-1
723500,1166.75,1.5,10.5,-2.6,3018.7397,76.88571,-1
723600,1167.25,1.5,10.5,-2.6,3019.6018,76.89721,-1
723700,1168.25,1.5,10.5,-2.6,3020.4663,76.90872,-1
723800,1169.25,1.5,10.5,-2.6,3021.3333,76.92025,-1
723900,1169.75,1.5,10.5,-2.6,3022.2021,76.93179,-1
724000,1169.75,1.5,10.5,-2.6,3023.0735,76.94335,-1
724100,1170.25,1.5,10.5,-2.6,3023.947,76.95493,-1
724200,1169.75,1.5,10.5,-2.6,3024.823,76.96652,-1
724300,1171.75,1.5,10.5,-2.6,3025.7012,76.978134,-1
724400,1171.75,1.5,10.5,-2.6,3026.5815,76.98975,-1
724500,1173.25,1.5,10.5,-2.6,3027.464,77.001396,-1
724600,1174.25,1.5,10.5,-2.6,3028.3489,77.01305,-1
724700,1172.25,1.5,10.5,-2.6,3029.2358,77.02471,-1
724800,1171.25,1.5,10.5,-2.6,3030.1252,77.0364,-1
724900,1172.25,1.5,10.5,-2.6,3031.0166,77.048096,-1
725000,1173.25,1.5,10.5,-2.6,3031.9102,77.05981,-1
725100,1174.25,1.5,10.5,-2.6,3032.8062,77.07153,-1
725200,1174.25,1.5,10.5,-2.6,3033.704,77.08327,-1
725300,1174.75,1.5,10.5,-2.6,3034.6042,77.095024,-1
725400,1174.75,1.5,10.5,-2.6,3035.5063,77.10679,-1
725500,1174.25,1.5,10.5,-2.6,3036.411,77.11857,-1
725600,1175.25,1.5,10.5,-2.6,3037.3174,77.13036,-1
725700,1175.75,1.5,10.5,-2.6,3038.226,77.142166,-1
725800,1176.75,1.5,10.5,-2.6,3039.137,77.153984,-1
725900,1177.75,1.5,10.5,-2.6,3040.0498,77.16582,-1
726000,1178.25,1.5,10.5,-2.6,3040.9648,77.177666,-1
726100,1179.25,1.5,10.5,-2.6,3041.8818,77.18952,-1
726200,1180.25,1.5,10.5,-2.6,3042.801,77.201385,-1
726300,1182.75,1.5,10.5,-2.6,3043.7224,77.21327,-1
726400,1182.25,1.5,11.5,-2.6,3044.6458,77.22517,-1
726500,1181.25,1.5,11.5,-2.6,3045.571,77.23707,-1
726600,1181.0,1.5,11.5,-2.6,3046.4983,77.248985,-1
726700,1179.75,1.5,11.5,-2.6,3047.4277,77.26091,-1
726800,1180.75,1.5,11.5,-2.6,3048.3594,77.27285,-1
726900,1180.75,1.5,11.5,-2.6,3049.2927,77.284805,-1
727000,1182.25,1.5,11.5,-2.6,3050.2283,77.29676,-1
727100,1181.25,1.5,11.5,-2.6,3051.1658,77.30874,-1
727200,1180.75,1.5,11.5,-2.6,3052.1052,77.32072,-1
727300,1180.5,1.5,11.5,-2.6,3053.0466,77.33271,-1
727400,1181.25,1.5,11.5,-2.6,3053.99,77.34472,-1
727500,1181.5,1.5,11.5,-2.6,3054.9353,77.35673,-1
727600,1181.75,1.5,11.5,-2.6,3055.8828,77.36875,-1
727700,1181.25,1.5,11.5,-2.6,3056.832,77.38078,-1
727800,1181.25,1.5,11.5,-2.6,3057.7832,77.39283,-1
727900,1181.75,1.5,11.5,-2.6,3058.7363,77.404884,-1
728000,1180.75,1.5,11.5,-2.6,3059.6914,77.41695,-1
728100,1181.25,1.5,11.5,-2.6,3060.6482,77.429016,-1
728200,1182.75,1.5,11.5,-2.6,3061.6072,77.44109,-1
728300,1182.25,1.5,11.5,-2.6,3062.5679,77.453186,-1
728400,1182.25,1.5,11.5,-2.6,3063.5305,77.46528,-1
728500,1183.25,1.5,11.5,-2.6,3064.4949,77.47739,-1
728600,1184.25,1.5,11.5,-2.6,3065.4612,77.4895,-1
728700,1184.75,1.5,11.5,-2.6,3066.4294,77.501625,-1
728800,1185.75,1.5,11.5,-2.6,3067.3994,77.513756,-1
728900,1185.75,1.5,11.5,-2.6,3068.3713,77.525894,-1
729000,1188.75,1.5,11.5,-2.6,3069.345,77.53804,-1
729100,1186.25,1.5,11.5,-2.6,3070.3206,77.55019,-1
729200,1186.75,1.5,11.5,-2.6,3071.2979,77.562355,-1
729300,1187.25,1.5,11.5,-2.6,3072.2769,77.57452,-1
729400,1188.25,1.5,11.5,-2.6,3073.2578,77.58669,-1
729500,1188.75,1.5,11.5,-2.6,3074.2405,77.59888,-1
729600,1188.75,1.5,11.5,-2.6,3075.2249,77.61106,-1
729700,1188.75,1.5,11.5,-2.6,3076.2112,77.62326,-1
729800,1188.75,1.5,11.5,-2.6,3077.1992,77.63546,-1
729900,1189.0,1.5,11.5,-2.6,3078.1887,77.64767,-1
730000,1187.75,1.5,11.5,-2.6,3079.1802,77.65988,-1
730100,1189.25,1.5,11.5,-2.6,3080.1733,77.672104,-1
730200,1188.25,1.5,11.5,-2.6,3081.1682,77.684326,-1
730300,1186.75,1.5,11.5,-2.6,3082.1648,77.696556,-1
730400,1185.25,1.5,11.5,-2.6,3083.163,77.70879,-1
730500,1186.75,1.5,11.5,-2.6,3084.163,77.72103,-1
730600,1188.25,1.5,11.5,-2.6,3085.1648,77.73328,-1
730700,1186.75,1.5,11.5,-2.6,3086.168,77.74553,-1
730800,1186.75,1.5,11.5,-2.6,3087.173,77.75778,-1
730900,1186.25,1.5,11.5,-2.6,3088.1797,77.77004,-1
731000,1186.25,1.5,11.5,-2.6,3089.188,77.78231,-1
731100,1187.75,1.5,11.5,-2.6,3090.1978,77.79458,-1
731200,1185.75,1.5,11.5,-2.6,3091.2092,77.80685,-1
731300,1186.0,1.5,11.5,-2.6,3092.2224,77.81912,-1
731400,1187.25,1.5,11.5,-2.6,3093.2373,77.831406,-1
731500,1189.25,1.5,11.5,-2.6,3094.2534,77.84369,-1
731600,1190.25,1.5,11.5,-2.6,3095.2715,77.85597,-1
731700,1191.75,1.5,11.5,-2.6,3096.291,77.86826,-1
731800,1190.25,1.5,11.5,-2.6,3097.312,77.88056,-1
731900,1188.75,1.5,11.5,-2.6,3098.3347,77.89285,-1
732000,1187.75,1.5,11.5,-2.6,3099.359,77.90515,-1
732100,1187.75,1.5,11.5,-2.6,3100.3845,77.91746,-1
732200,1186.75,1.5,11.5,-2.6,3101.4119,77.929756,-1
732300,1187.75,1.5,11.5,-2.6,3102.4407,77.94206,-1
732400,1187.75,1.5,11.5,-2.6,3103.471,77.95438,-1
732500,1187.75,1.5,11.5,-2.6,3104.5027,77.96668,-1
732600,1188.25,1.5,11.5,-2.6,3105.5361,77.979,-1
732700,1187.25,1.5,11.5,-2.6,3106.5708,77.99131,-1
732800,1187.0,1.5,11.5,-2.6,3107.6072,78.003624,-1
732900,1187.75,1.5,11.5,-2.6,3108.6448,78.01594,-1
733000,1189.25,1.5,11.5,-2.6,3109.684,78.02825,-1
733100,1189.0,1.5,11.5,-2.6,3110.7249,78.04057,-1
733200,1188.25,1.5,11.5,-2.6,3111.7668,78.05289,-1
733300,1188.0,1.5,11.5,-2.6,3112.8103,78.06521,-1
733400,1187.25,1.5,11.5,-2.6,3113.8552,78.07753,-1
733500,1187.25,1.5,11.5,-2.6,3114.9016,78.08985,-1
733600,1187.25,1.5,11.5,-2.6,3115.9495,78.102165,-1
733700,1187.75,1.5,11.5,-2.6,3116.9985,78.11449,-1
733800,1186.25,1.5,11.5,-2.6,3118.049,78.12681,-1
733900,1186.0,1.5,11.5,-2.6,3119.101,78.13912,-1
734000,1186.75,1.5,11.5,-2.6,3120.1545,78.15144,-1
734100,1188.25,1.5,11.5,-2.6,3121.209,78.16376,-1
734200,1189.25,1.5,11.5,-2.6,3122.2651,78.17608,-1
734300,1190.25,1.5,11.5,-2.6,3123.3225,78.18839,-1
734400,1190.75,1.5,11.5,-2.6,3124.381,78.20071,-1
734500,1189.75,1.5,11.5,-2.6,3125.4412,78.21302,-1
734600,1190.75,1.5,11.5,-2.6,3126.5024,78.225334,-1
734700,1190.75,1.5,11.5,-2.6,3127.5652,78.23764,-1
734800,1189.75,1.5,11.5,-2.6,3128.6292,78.24995,-1
734900,1188.75,1.4,11.5,-2.6,3129.6943,78.26225,-1
735000,1188.25,1.4,11.5,-2.6,3130.7607,78.27456,-1
735100,1186.75,1.4,11.5,-2.6,3131.8286,78.28686,-1
735200,1186.5,1.4,11.5,-2.6,3132.8977,78.29916,-1
735300,1186.5,1.4,11.5,-2.6,3133.968,78.31145,-1
735400,1186.25,1.4,11.5,-2.6,3135.0396,78.323746,-1
735500,1186.5,1.4,11.5,-2.6,3136.1123,78.33603,-1
735600,1186.75,1.4,11.5,-2.6,3137.1863,78.34832,-1
735700,1186.5,1.4,11.5,-2.6,3138.2615,78.3606,-1
735800,1185.75,1.4,11.5,-2.6,3139.338,78.37288,-1
735900,1185.75,1.4,11.5,-2.6,3140.4155,78.385155,-1
736000,1186.25,1.4,11.5,-2.6,3141.4941,78.39743,-1
736100,1186.25,1.4,11.5,-2.6,3142.5742,78.4097,-1
736200,1188.25,1.4,11.5,-2.6,3143.6553,78.42196,-1
736300,1189.25,1.4,11.5,-2.6,3144.7375,78.43422,-1
736400,1189.25,1.4,11.5,-2.6,3145.821,78.44647,-1
736500,1188.25,1.4,11.5,-2.6,3146.9058,78.458725,-1
736600,1189.75,1.4,11.5,-2.6,3147.9915,78.47097,-1
736700,1189.5,1.4,11.5,-2.6,3149.0781,78.48321,-1
736800,1190.25,1.4,11.5,-2.6,3150.1663,78.495445,-1
736900,1190.5,1.4,11.5,-2.6,3151.2554,78.507675,-1
737000,1190.5,1.4,11.5,-2.6,3152.3455,78.5199,-1
737100,1190.5,1.4,11.5,-2.6,3153.4368,78.53211,-1
737200,1190.25,1.4,11.5,-2.6,3154.529,78.54433,-1
737300,1190.0,1.4,11.5,-2.6,3155.6223,78.55653,-1
737400,1191.75,1.4,11.5,-2.6,3156.7168,78.56873,-1
737500,1191.25,1.4,11.5,-2.6,3157.8125,78.580925,-1
737600,1191.25,1.4,11.5,-2.6,3158.909,78.59311,-1
737700,1192.25,1.4,11.5,-2.6,3160.0066,78.60529,-1
737800,1192.0,1.4,11.5,-2.6,3161.1052,78.61747,-1
737900,1190.25,1.4,11.5,-2.6,3162.2048,78.62963,-1
738000,1190.5,1.4,11.5,-2.6,3163.3054,78.64179,-1
738100,1190.25,1.4,11.5,-2.6,3164.407,78.653946,-1
738200,1188.75,1.4,11.5,-2.6,3165.5098,78.666084,-1
738300,1189.0,1.4,11.5,-2.6,3166.6133,78.67822,-1
738400,1189.0,1.4,11.5,-2.6,3167.7178,78.69035,-1
738500,1189.0,1.4,11.5,-2.6,3168.8235,78.70248,-1
738600,1188.25,1.4,11.5,-2.6,3169.93,78.714584,-1
738700,1188.25,1.4,11.5,-2.6,3171.0374,78.72669,-1
738800,1188.25,1.4,11.5,-2.6,3172.1458,78.738785,-1
738900,1187.25,1.4,11.5,-2.6,3173.255,78.75088,-1
739000,1187.25,1.4,11.5,-2.6,3174.3652,78.762955,-1
739100,1187.0,1.4,11.5,-2.6,3175.4763,78.775024,-1
739200,1186.25,1.4,11.5,-2.6,3176.5881,78.78708,-1
739300,1185.75,1.4,11.5,-2.6,3177.7012,78.79913,-1
739400,1186.75,1.4,11.5,-2.6,3178.815,78.81117,-1
739500,1187.0,1.4,11.5,-2.6,3179.9294,78.823204,-1
739600,1188.25,1.4,11.5,-2.6,3181.045,78.83523,-1
739700,1188.5,1.4,11.5,-2.6,3182.1614,78.84724,-1
739800,1187.75,1.4,11.5,-2.6,3183.2786,78.85924,-1
739900,1187.25,1.4,11.5,-2.6,3184.3965,78.87123,-1
740000,1187.75,1.4,11.5,-2.6,3185.5154,78.88321,-1
740100,1187.25,1.4,11.5,-2.6,3186.635,78.89518,-1
740200,1187.25,1.4,11.5,-2.6,3187.7556,78.90714,-1
740300,1188.25,1.4,11.5,-2.6,3188.8767,78.91909,-1
740400,1186.75,1.4,11.5,-2.6,3189.9988,78.93103,-1
740500,1185.75,1.4,11.5,-2.6,3191.1216,78.942955,-1
740600,1185.5,1.4,11.5,-2.6,3192.2454,78.954865,-1
740700,1185.75,1.4,11.5,-2.6,3193.3696,78.966774,-1
740800,1186.75,1.4,11.5,-2.6,3194.4946,78.97866,-1
740900,1187.75,1.4,11.5,-2.6,3195.6206,78.99054,-1
741000,1188.75,1.4,11.5,-2.6,3196.747,79.00241,-1
741100,1188.25,1.4,11.5,-2.6,3197.8745,79.01426,-1
741200,1187.75,1.4,11.5,-2.6,3199.0024,79.0261,-1
741300,1188.0,1.4,11.5,-2.6,3200.131,79.03793,-1
741400,1189.75,1.4,11.5,-2.6,3201.2607,79.04975,-1
741500,1190.75,1.4,11.5,-2.6,3202.3909,79.061554,-1
741600,1190.25,1.4,11.5,-2.6,3203.5215,79.07334,-1
741700,1190.5,1.4,11.5,-2.6,3204.653,79.08512,-1
741800,1190.75,1.4,11.5,-2.6,3205.7852,79.096886,-1
741900,1191.25,1.4,11.5,-2.6,3206.918,79.108635,-1
742000,1191.75,1.4,11.5,-2.6,3208.0513,79.12037,-1
742100,1193.25,1.4,11.5,-2.6,3209.1853,79.132095,-1
742200,1192.25,1.4,11.5,-2.6,3210.32,79.1438,-1
742300,1191.75,1.4,11.5,-2.6,3211.4553,79.155495,-1
742400,1190.75,1.4,11.5,-2.6,3212.5913,79.167175,-1
742500,1190.5,1.4,11.5,-2.6,3213.7278,79.17884,-1
742600,1190.75,1.4,11.5,-2.6,3214.8647,79.19049,-1
742700,1190.5,1.4,11.5,-2.6,3216.0024,79.202126,-1
742800,1189.75,1.4,11.5,-2.6,3217.1406,79.213745,-1
742900,1188.75,1.4,11.5,-2.6,3218.2795,79.22535,-1
743000,1188.75,1.4,11.5,-2.6,3219.4187,79.23694,-1
743100,1188.75,1.4,11.5,-2.6,3220.5586,79.24851,-1
743200,1189.0,1.4,11.5,-2.6,3221.6992,79.26007,-1
743300,1188.25,1.4,11.5,-2.6,3222.84,79.271614,-1
743400,1186.25,1.4,11.5,-2.6,3223.9814,79.28314,-1
743500,1188.25,1.4,11.5,-2.6,3225.1235,79.29465,-1
743600,1188.75,1.4,11.5,-2.6,3226.2659,79.306145,-1
743700,1188.5,1.4,11.5,-2.6,3227.409,79.31762,-1
743800,1188.25,1.4,11.5,-2.6,3228.5522,79.32908,-1
743900,1189.25,1.4,11.5,-2.6,3229.696,79.34052,-1
744000,1189.0,1.4,11.5,-2.6,3230.8406,79.35195,-1
744100,1189.75,1.4,11.5,-2.6,3231.9854,79.36336,-1
744200,1189.5,1.4,11.5,-2.6,3233.1306,79.37475,-1
744300,1189.5,1.4,11.5,-2.6,3234.2761,79.38612,-1
744400,1189.5,1.4,11.5,-2.6,3235.4224,79.39748,-1
744500,1190.25,1.4,11.5,-2.6,3236.5688,79.40881,-1
744600,1190.0,1.4,11.5,-2.6,3237.7158,79.420135,-1
744700,1188.25,1.4,11.5,-2.6,3238.863,79.43144,-1
744800,1188.25,1.4,11.5,-2.6,3240.0107,79.44272,-1
744900,1186.75,1.4,11.5,-2.6,3241.159,79.45399,-1
745000,1186.25,1.4,11.5,-2.6,3242.3074,79.46523,-1
745100,1186.25,1.4,11.5,-2.6,3243.456,79.47646,-1
745200,1186.75,1.4,11.5,-2.6,3244.6052,79.48767,-1
745300,1187.0,1.4,11.5,-2.6,3245.755,79.498856,-1
745400,1187.75,1.4,11.5,-2.6,3246.9045,79.510025,-1
745500,1187.25,1.4,11.5,-2.6,3248.0547,79.52118,-1
745600,1187.25,1.4,11.5,-2.6,3249.2053,79.5323,-1
745700,1186.75,1.4,11.5,-2.6,3250.356,79.54342,-1
745800,1186.5,1.4,11.5,-2.6,3251.507,79.554504,-1
745900,1186.75,1.4,11.5,-2.6,3252.6584,79.565575,-1
746000,1186.25,1.4,11.5,-2.6,3253.81,79.57663,-1
746100,1187.25,1.4,11.5,-2.6,3254.9622,79.587654,-1
746200,1187.25,1.4,11.5,-2.6,3256.1143,79.59866,-1
746300,1189.25,1.4,11.5,-2.6,3257.2666,79.60965,-1
746400,1190.25,1.4,11.5,-2.6,3258.4194,79.62062,-1
746500,1192.25,1.4,11.5,-2.6,3259.5723,79.63156,-1
746600,1191.75,1.4,11.5,-2.6,3260.7253,79.64249,-1
746700,1193.25,1.4,11.5,-2.6,3261.8787,79.65339,-1
746800,1193.5,1.4,11.5,-2.6,3263.0322,79.66427,-1
746900,1192.75,1.4,11.5,-2.6,3264.186,79.675125,-1
747000,1193.75,1.4,11.5,-2.6,3265.3398,79.68597,-1
747100,1194.0,1.4,11.5,-2.6,3266.4941,79.69678,-1
747200,1192.25,1.4,11.5,-2.6,3267.6484,79.70757,-1
747300,1193.25,1.4,11.5,-2.6,3268.8027,79.71834,-1
747400,1193.5,1.4,11.5,-2.6,3269.9573,79.72909,-1
747500,1193.5,1.4,11.5,-2.6,3271.112,79.739815,-1
747600,1193.5,1.4,11.5,-2.6,3272.2668,79.75051,-1
747700,1193.5,1.4,11.5,-2.6,3273.4219,79.76119,-1
747800,1194.25,1.4,11.5,-2.6,3274.5771,79.77184,-1
747900,1195.25,1.4,11.5,-2.6,3275.7322,79.78248,-1
748000,1195.25,1.4,11.5,-2.6,3276.8877,79.79308,-1
748100,1197.25,1.4,11.5,-2.6,3278.043,79.803665,-1
748200,1198.75,1.4,11.5,-2.6,3279.1985,79.814224,-1
748300,1198.5,1.4,11.5,-2.6,3280.354,79.82476,-1
748400,1198.5,1.4,11.5,-2.6,3281.5095,79.83527,-1
748500,1197.25,1.4,11.5,-2.6,3282.6653,79.84576,-1
748600,1195.75,1.4,11.5,-2.6,3283.821,79.85622,-1
748700,1195.25,1.4,11.5,-2.6,3284.9766,79.86665,-1
748800,1195.0,1.4,11.5,-2.6,3286.1323,79.87707,-1
748900,1195.25,1.4,11.5,-2.6,3287.288,79.88746,-1
749000,1195.25,1.3,11.5,-2.6,3288.4438,79.89782,-1
749100,1195.0,1.3,11.5,-2.6,3289.5996,79.90815,-1
749200,1193.25,1.3,11.5,-2.6,3290.7554,79.918465,-1
749300,1193.25,1.3,11.5,-2.6,3291.9111,79.92875,-1
749400,1193.5,1.3,11.5,-2.6,3293.067,79.939,-1
749500,1193.5,1.3,11.5,-2.6,3294.2227,79.949234,-1
749600,1193.5,1.3,11.5,-2.6,3295.3782,79.95944,-1
749700,1193.75,1.3,11.5,-2.6,3296.5337,79.96962,-1
749800,1194.75,1.3,11.5,-2.6,3297.6892,79.979774,-1
749900,1194.25,1.3,11.5,-2.4,3298.8447,79.9899,-1
750000,1193.75,1.3,11.5,-2.4,3300.0,80.0,-1
